company,date,principal_component_1,principal_component_2,principal_component_3,principal_component_4,principal_component_5,principal_component_6,principal_component_7,principal_component_8,principal_component_9,principal_component_10,principal_component_11,principal_component_12,principal_component_13,principal_component_14,principal_component_15,principal_component_16,principal_component_17,principal_component_18,principal_component_19,principal_component_20,principal_component_21,principal_component_22,principal_component_23,principal_component_24,principal_component_25,principal_component_26,principal_component_27,principal_component_28,principal_component_29,principal_component_30,principal_component_31,principal_component_32,principal_component_33,principal_component_34,principal_component_35,principal_component_36,principal_component_37
AMD,2016-07-21,-5.040382649403679,2.1103791690366345,3.0036079061149943,-0.6318465453471056,-4.644617118851602,0.4874654892876024,-1.4328282800356509,-0.15514970536448303,0.2241761873582143,-0.14288936203741817,1.2987006929926859,-0.2835545145518928,-1.800735048602075,-0.12516407780033653,-0.6001278465574166,0.11848114684531455,1.7629178128554055,-0.7416424100762898,-0.7357157315639227,-0.30955637551710047,0.12407585707059453,-0.5073657578002491,1.2914300183762224,0.21921688299441602,0.1500118214999282,1.1342354218533461,0.1672110105579357,-1.1753755482692638,1.0669667433822634,1.131727614153998,-0.6982374211549961,1.6499384921962346,-1.3570417520794051,-0.14924053935965695,1.0197975779032555,-0.550708027999986,0.6372632312157218
AMD,2019-10-29,0.13877955166516703,5.14697718516148,0.42253321505876174,1.1922108331735224,1.0347719180059427,2.859841668588974,0.04035957270584052,-2.1169921428687637,-0.5770899616972884,1.0227496338134303,0.5616407497722222,-2.4102174762308546,-1.3565811838618242,1.3661765639175665,0.41485221981128795,0.3219840295610945,3.633133628193975,0.6408470165563618,-1.219598154334504,0.7613958321292876,-0.5469847023721973,-0.70421041386143,0.7174604606343461,-1.3416944660757761,2.1795072711037498,-0.7720758348840923,-0.20178540136590617,-0.4437770921777596,-1.7063430618714928,-0.22492213861044894,0.6316885157273732,0.3944774249982704,1.5226487629319134,0.9122715375515918,0.13494892941601538,0.2469758589868212,0.7596237922556847
AAPL,2019-04-30,-1.2277310748182775,-1.333464885902862,5.98324098131615,0.08947462240016245,0.13217750110132787,-1.5789102228725658,0.22385983828172829,0.30812593315693193,0.7876311382734787,2.641454843847796,-1.1465342384481776,-2.2344363393406232,3.266150618635438,0.9046835647953967,3.1322422942685777,-1.0394317867247318,0.6083163539007138,1.7305092189964915,-3.1512380945500307,-0.03434033046811878,2.936908652334229,-0.4054571097631777,-1.1403133364810871,-0.656488950189907,-2.986106192536127,0.8162554046719567,-0.13674554374955825,1.05385696163294,0.10963536210106166,0.2576264025733581,-0.6339695600714262,1.0644843370462986,-1.0836922098760053,-0.01975639047427707,-0.5793965560180511,0.6031157246697024,-1.308700284826043
AAPL,2016-10-25,-1.3941262322717636,3.9217919523957567,0.5032910822931078,-1.8769355786228357,-0.573657454113693,-4.187619260665231,1.2017421216409374,-1.8623180473115475,-2.113598596288798,2.1429713881446206,-0.6111798996733979,-0.7329659006546416,0.5397059012681464,0.4366447161836352,-1.8896519619646488,0.2034218969564268,0.7127370651096564,-0.2325222898695272,-0.46797732268290093,0.46785174514538125,0.77177652771917,2.9281947552262455,0.463017154022466,-0.3925144948389788,0.3224159238953928,2.176122817714803,0.11219294420279619,1.8855435848887676,0.09728746462983674,0.03371420626256259,-0.4933157804203019,0.6854385568759567,-0.328914573297132,1.1144762693318966,-0.30884925744238995,1.1478908190962578,-0.09047495221309214
INTC,2016-10-18,-1.9498561371179526,0.7188460749872795,-0.1774908291318037,-0.9811560799954803,-1.7429265756355206,-4.118331009215086,1.0645468074692683,0.7705224327263103,-0.3242277944811383,-1.4651176616316557,0.849295719158691,0.37732089424524184,-1.300868190976721,-0.9003654262544092,-0.6335258351456853,-0.04974172944111877,1.1852890605910043,-1.1990585777843341,-1.6290983108249306,0.48251284027720664,-0.22583699474786786,1.1128886728595944,0.23010500161648723,-0.8291851220640328,-1.3912727072665292,-0.38978868853465043,0.6286447691525814,-0.016109979114405263,-1.3270550680593851,-1.2118339812337109,-0.8878060008951835,-0.16401379278372827,-0.07843298837730549,0.2377213352755566,-0.9610082212877379,-1.1650027720854457,0.44260954783286455
GOOGL,2016-02-01,-1.0945565059089744,2.48676903386314,-4.998909254997577,0.7289988746070332,1.043507526601703,-1.0930831246503558,-4.930202535665259,-0.8330752942881073,-1.2366802230685143,1.0629344763449504,0.4632560509957965,0.1808091420202212,0.16505923778251042,0.7866211740280359,1.3863339440643596,-2.3061529335293467,0.22336568913590205,0.09052625003497487,0.2509292018174197,1.4664933797945312,-0.6822880447077452,-0.6000811683995257,2.851138934400625,0.6529897169553295,-0.3758219718573964,0.03892143724192764,-0.8245800498481419,0.6835400350777315,-1.0308247635952452,-0.8591989633867849,-0.36377709715832596,-0.07564950697149124,-0.9297753226004895,-1.3762559314144365,-0.5169044072243614,0.40540122362112213,0.3786588306349799
ASML,2019-07-17,20.043807669437808,-6.915725863219582,-4.891946893872077,-3.391896776130017,-4.746291347552635,0.2839315757514368,6.007750392897021,1.679188022082176,6.735878262001281,-1.2460534897770814,-3.2687469371859783,-1.2401715628182934,1.280763665723458,0.27563663687200085,-0.9685921879813393,0.5873281137286772,1.9597794654551444,0.032112848056669634,-0.0861296289828552,2.254000840007209,2.9537216927822647,1.7741505245827724,3.115902550655111,1.2303411832512363,1.8422086343132822,1.1189196956443046,-0.629938099697385,-1.727110098538354,-1.7096107212522167,0.1309558262525075,0.4249361715054542,-0.3567780323050204,-0.9801717872434531,-0.413114527835672,-0.9671739428831829,0.20379704094350393,-0.11746250007972435
AAPL,2017-08-01,-1.741964531457398,0.43447681557841433,1.459328553805099,-2.5816615101037734,1.0326983646206316,-3.310950752091399,0.9327620637321504,-1.8677331354871272,-2.2445867040889027,1.6608420945802975,-1.9530697225272027,-0.47477110654524785,1.0810248769973931,-0.848826219152434,1.7301529232241284,-1.094317146796334,0.444921883496451,-0.30673474276431595,0.4142185440250511,1.3957766387638124,-1.8560713141553244,0.9490167882744339,0.6394362635516142,1.8320533020633618,-0.43505071752136704,-0.28511138094913785,-1.1658670626222265,0.21482672837303116,0.6622441451478703,-1.6400660521101105,0.49966559849640824,0.3261223211842383,-0.5829696230058912,-0.5347007875569358,0.7395467247607742,0.25750793919543435,0.8246418400412433
MU,2017-03-23,-1.3024698033731852,3.3943088469574034,-0.06268768890783041,-0.8737814076979438,-3.8028976881135192,-0.9529747480894107,0.04141924207222,2.774320498572007,-0.14868259904054254,0.13799483919960062,-0.21048441875823565,1.590333920153508,-1.1968434386494697,0.9591705613885569,-0.4333276544425899,0.6945454641222317,-1.2600995467302893,-1.5885856665481646,0.26751310968497216,0.7227151691706074,0.6685574192043099,0.016016410039478627,-0.5997705019579243,-0.13301696066788093,-0.8502881508085741,-1.4363366582792716,0.22150457941643523,-0.6858168469171404,0.6719992103887731,-0.517809812741529,0.10725287709966479,0.7455439707547912,0.6802649308507526,-0.025154049564884266,-0.054302350146420236,-0.033837020490683066,0.014875692970890314
CSCO,2017-11-15,-3.589879430801722,-0.9649442786754396,1.5963447410013047,0.7647623747129888,-0.04068646248925669,-2.6659808482670777,2.194528370585871,0.6567888137644495,-0.18864086251027654,-1.2141988872807379,-0.5164503260256353,-0.34658376422669346,0.05076328559593931,-1.3437147137310148,-0.4218349170208816,-0.8874448201158979,0.9120034800459201,0.3927235614885216,0.33188278252185793,-0.22470074649766097,0.6145441830711303,-0.6240723707031706,-0.43688993807142773,0.8345180691913742,-0.5649570012021845,-1.2195346325809433,0.3484064558723594,0.74569052432567,0.7904978575727385,-0.14239791502152235,-0.10790850728748112,-0.7255271299004447,0.18564141904003012,1.1401569878688433,-0.43571982488786193,-0.5735727752877343,0.5413374409193199
INTC,2016-07-20,1.1483015279467979,7.2826175125855634,-0.3661288586112471,-0.3699885858525616,-2.995681696255911,-0.4325126892345961,-0.5713433591092432,-0.4015414765535481,-1.586776183016869,-1.7176690252394013,0.9894004289135564,2.4993705600996483,-0.9470364819420194,1.1356477405236667,0.21927565136870655,-0.5030513928367141,1.9880419271046654,0.7582364648509023,-0.7168203433638626,1.1427506596939836,-1.0792783590120139,0.9063368564223433,-1.4499134939871055,-1.3513663722226688,0.03013233112570101,1.5463281901152488,-1.8852025044572354,-0.21231327041323458,-1.563933176462542,-0.30446689760651213,-0.3041169170417811,-0.6467359728187609,-0.2218454070718265,1.3608023935323634,-0.38984172916134724,0.2973215179595799,-0.0641771686168438
INTC,2016-01-14,-5.159905303176442,-5.166691376834185,-4.112251283845824,-1.9883739911191596,-1.9377842560373892,-1.5639889663135744,0.532319002509448,0.30329832901664383,0.009185563330302475,-1.270165017996704,0.30126210666161823,2.3685638537854006,-0.23357464667122924,0.23146132062602184,0.7943297881229276,-2.5419518508314547,-1.100678562381681,-0.0013482439854569897,-0.9618600306683218,-0.8526305685460233,-0.3652514994894225,0.5111304301045733,-0.6415545622315839,-0.45724569374800733,1.0582978040029554,0.016856885458477012,0.4192551620855378,-0.3207283445518368,-0.26609349899117285,0.6036893315884516,-0.7044679693545115,0.18685707935764326,0.6117753620190446,-1.3772803002845058,-0.8341264417765507,0.1077484655905611,0.09477116853697752
AMD,2018-01-30,-3.430716803145424,2.9529973097744007,3.0903697861676513,1.634381864646655,-4.864049228215443,2.5835683640364895,-0.0934726400375568,-1.618555362679128,-0.7167293618671554,1.4053512003271835,-0.6727716253120322,-0.9984345562777509,1.0489697336236155,1.775052993204219,0.19416548880540713,0.9597415006190898,-0.4062591941049051,-2.1426109939331774,0.5856367793296656,0.07321469969018049,-1.6080121101111668,-0.7462008253578463,0.8297811731079524,-0.7809335567971185,-0.01530263461094,-1.4377285479397388,0.22862290816914488,-0.7768623333829328,-0.610641537413946,0.6420884738976164,-0.6012956700698148,-0.5770326523640892,1.3891319004759566,0.48701526850153204,0.4043976414075244,0.34549355708887197,-0.026914702374417978
MU,2016-03-30,-7.537130354384082,-3.419356578169049,-1.1279476729098008,2.1473355584988925,-3.693008186128208,0.005656791367324476,0.025068054285783826,-0.3221353550335744,1.830705166037641,0.9174906147194937,1.545953858783095,0.24420833824629654,-1.6250040891267281,-1.4084332121805583,0.8256215420220887,-0.6046681396935425,-0.4475160799253121,-0.23610219735518717,-0.1411536607462086,-1.0339596092990035,0.5603930271275478,1.0279584286893226,-1.9646989981416232,1.1590607549991,1.058560287003586,-0.9393375880644828,-1.5672113994499415,0.1218913128519371,-0.25649609314782607,-0.880452334806426,0.27188376606742,-0.4554171475976349,0.7019643560347363,0.9454909053161332,-0.39403757350017765,0.9101328889052779,1.571520880249289
AMZN,2018-07-26,5.138950574849646,-1.0629782629991342,4.570552798157357,-2.434194102350956,2.5233461558082295,0.43591584711403125,-2.1063007506245186,2.3467363347314216,-1.7822741271486202,-0.557234314889195,0.030295924769553333,0.34811733892580615,-0.22865475645364847,-0.18147032355253975,1.0687926682828026,1.3674598517786978,1.117602165779371,-0.06152515487701174,-0.0028134523267449836,-0.9751591863403444,0.09790483893459623,-0.39540515654305963,1.1637663924363544,0.81768484896736,-0.012164656127103789,-0.11055956501003292,-0.5648667729954481,-1.515304589065612,-0.3303397607804624,-0.5011808573641487,-0.5446938691198699,0.16048653395323517,0.8813524791801131,1.4387870702867183,-1.0031902745575656,0.15994674944282197,0.25320165392475574
ASML,2018-01-17,20.65943616366599,0.19127346389760208,-6.661110351914452,-3.260240326315282,-4.513959098711224,2.456951577310159,1.7306409297128622,-0.9265939002565646,2.5464644636089737,0.9987177908838558,-0.387759249013569,0.424912568963725,-1.4084024067210523,-3.748115367093697,4.29773786969301,1.7419553435745667,-0.7991028546565656,-0.812520964058636,1.501629668768783,0.879419447528241,0.7816736907200114,-1.118832716684348,0.21156956172050911,-1.5266613544950074,-1.088306230589222,-0.3069270529902355,0.6537828783287719,1.197610179945803,0.4384340968760579,0.3431427434847566,-0.3925077452627198,0.5935297684287342,0.00035054481034480227,-0.00806426092578144,1.2978573446414514,0.19162078070571,0.2147144810706692
CSCO,2018-08-15,-0.9755060533271268,1.8565645649076135,-0.021016772336477474,2.1388845614324197,0.7734658702098764,-0.9845494485637855,1.9910609969324005,-1.9875486796255941,-1.4191951759935517,0.5064426243052516,-0.0594279536766192,-0.05074763961032213,0.5738448273637802,0.4853490125647593,-0.734101943671427,1.0774922306386212,0.23109172802766384,-1.1870991165913705,-0.047790817065839555,0.008319097902432758,-0.2168317995099224,-0.4479365591165493,0.7761239049023192,-0.3019668230988115,-0.266084079724442,0.10169540489011594,1.1952962054687202,-0.4679370231322524,0.5823784040161241,-0.45047756365118136,0.42839336125194893,0.06653839562753858,0.7549435278352152,0.3679717289543515,-0.5715274373878171,-0.4849153766446336,0.19714907895166814
ASML,2016-01-20,1.3001690985083472,-6.91671762829885,-9.690949138884827,-4.553326267314543,-2.8057718947839208,-1.2910683193981154,-3.555803935114744,0.1836107417892859,1.2479171802809952,-1.124127493174856,-0.09742076797966581,-1.0204413160043329,1.0586294995886443,2.6605257754424043,-1.2754576429501197,-0.6312325324011302,0.6139770240198577,-1.7352693178799936,-1.2532009572257543,-0.11121079432158879,-1.1591934787254559,1.1564404296389936,-0.9597451799274457,0.3250934114909996,-0.5681036219325728,-0.5374993213326261,-2.537584348112087,-0.8191327918551766,1.734065574600649,-0.053602486589781444,-2.2885492525979116,0.4735074447581854,1.0307709943533956,1.1045800988689567,0.4184462642194127,-0.3562655041996345,-0.7724325663089474
GOOGL,2018-02-01,2.8237199266645567,3.6206340906654857,3.4495551008860827,-0.35654459967828206,1.2543279984927342,-1.4665297786370604,-3.999195727282814,-0.12647148003593736,1.595470160235355,-0.4639027490646691,-3.8175791089387148,2.846987659403056,-0.647513513431774,0.530185365492546,0.14557401740005993,-2.432537543864018,-1.7232889313466573,0.2160063797722482,0.2002080334148677,2.288555893484305,-0.0055251975520995665,-0.67401382468444,-0.4143460558572484,3.094837879407536,-0.7046621949554047,-0.8480971423422274,-1.266829279153085,-0.2835914477150625,-0.7233543254232986,1.5233723740274547,-0.08373347176307243,0.4435834503704924,0.09721989427519927,0.19248662625173482,0.9941061310443053,0.3925984933577318,0.48019645558984203
AMD,2016-10-20,-5.1519023771953,2.1633864883472147,-1.8606960620894575,0.20338775758772867,-0.7720892204296139,-1.4673922815191276,-0.5622898507937598,0.39834815889471925,0.10281321665843,0.07913121427276816,0.2480080693715705,-2.6312045608699313,-1.2308365504680505,-1.603766642660428,-1.0132489814905465,-0.08532807617123025,2.337072639329045,-0.21593852521458826,0.5097216939321552,-0.5929441359525495,-0.22325386376674347,-0.8438400511856298,0.8403973176214039,1.2251835191754454,0.45277140795966503,0.49667996869724246,1.4698738826095739,0.16404871095606083,1.4538518210796814,-0.6350800658623954,0.3116697288375509,-0.27214238795402856,-0.26480764154670183,-0.7138852926091966,-0.6011390641775238,1.2369456150200755,-0.7230492128437446
MSFT,2019-01-30,4.7831454766810975,-1.8621612511728507,-0.5549146404355015,4.478018285559336,3.408390712077643,-0.08896202598171273,0.34998668421686885,1.6102767497162878,3.288542705199784,2.372343382543306,-0.10519034228590099,-1.1662655814457736,0.1414602925997865,-0.9452109090820165,0.5699197787237076,-0.6629630558782323,-2.3393142404581284,-2.4396578870345733,0.5211677270805527,-0.2478428943077931,-1.3993241169911528,0.4523817119627431,-1.191644586307468,0.9618443287755715,-0.6950734946919576,0.1528646158480419,-0.012063291478772593,-0.1290973801526206,2.0248159502071723,-0.8318520151914213,-0.3289129888424281,0.5748282701572633,-1.158532730642781,0.09711510605746522,-0.9288644296441609,0.35332347064964226,0.35397491025406647
AMZN,2016-01-28,-2.8445671783924533,0.5889046127195923,-10.826617120660279,-1.8072050618328894,-1.4843702112456545,-0.019368936453095096,-3.7576597537964873,2.306141516271373,-1.9963458341137852,2.790377909442992,0.2038423567198298,-1.9397278414960286,0.3618964323937497,1.272397559747381,-0.30991208386026614,-0.6993043085882539,0.8736070755962431,-0.9641625205956779,-1.2994306836216982,0.31971065226821715,-0.14006308535303896,-0.6198215019830345,-2.4794142613437726,0.4026403333612087,-0.49183856907273754,-0.31118008701372024,2.1719950668934294,-1.6278299167340309,-0.28729339959422545,2.5445440283970786,0.4145162118337659,0.8771501410229696,-1.3230428793790459,-0.47430497213516654,-1.367417287254256,0.5885792709089304,0.5972431914836762
CSCO,2019-08-14,-5.407356297747391,-9.40706627102103,-0.9970898350567721,1.0323952518384727,1.4859226007918231,0.6816397567510517,1.2223957092325346,-1.794189274097489,-1.1371812069564584,-0.27598244955921336,-1.6813576022575878,1.484271168719852,1.4853393466010032,0.8214512850543229,0.2620726641979224,1.0012019030980117,-0.005437464718435219,1.2228674882585586,-0.9075597684194482,0.7464516647467546,0.13846499916748825,-0.14759175958764814,0.5905818391558014,-1.7070243726499674,0.9173683479876037,-0.10183448614730505,0.5088635883850372,-0.17809249995364987,0.024839232304470247,0.8083662362237684,0.21250543812227035,-0.08577512257297527,-0.04299682705260961,0.42416552303721466,0.4734717516004063,-1.402238481321126,-1.139131822346318
MSFT,2016-04-21,-0.4393794596369898,0.7949806580481517,0.41781734318612834,3.71858036923829,-2.328631516156356,-1.9360027755171358,1.4867269357386141,0.024504381737555696,0.08560366828650813,1.407882524379135,3.2451751566257907,-0.33067910454484717,2.7575225367710052,-1.134416003837326,-0.5621551024626504,0.2456988645848158,-1.4505118656688307,-1.9705895102294786,1.661246902280383,0.09871667153009907,0.7889148096003125,0.42450195355546244,-0.8394143551494381,1.5613019067948886,0.7657843172566315,-0.25179740133712764,0.23862820654943617,-0.16116443814787418,-0.1286582705441432,0.8707627957035581,-0.6975421054186056,-0.1018431958773817,0.7044602105732556,-0.6058392528556603,0.3510863738765751,-0.608897063657698,0.24291889205944894
NVDA,2017-02-09,-3.9548273737418986,6.418988633480818,2.5491327003401216,-4.124916739234679,0.719461120674744,3.323385421112865,0.5538236419246771,-0.561186102823709,0.7350984691301888,0.8037669360394307,2.5959226232211994,0.08120104220070404,0.06934758038968096,0.3581589069581492,0.016494927555073886,-0.12542426402247323,-1.2769162128299096,0.3953510707163286,1.299683337021148,-0.5435968637747879,-1.1422147856917042,2.6636895070280504,0.02128914695135126,-0.8190892840244427,-0.2587819167042371,0.5609914558258857,-0.13539003288811433,-0.9659288313489927,0.33690757088985185,0.3450812780505069,0.17537185893988974,0.0550725631089843,0.3883815010582636,-0.38132857426099315,1.3555613953689056,0.722573627080639,-0.9525877579049461
AAPL,2017-05-02,0.6767027632165344,5.0514288640579155,-1.063367991279254,-0.8653237196878177,-0.2922382205827301,-2.7390284002366174,0.6704424448281113,-2.0073384486769124,-0.855298452069243,-0.3694083631566821,-0.23042382046866583,0.10552695580013642,3.4038325768289437,-0.8918112005466354,0.5574638504911832,0.3414379528689744,-0.09520252358110452,0.9447798663178839,-1.2873185006626549,-1.1271980570561693,-1.0226561049793004,0.027882498606723722,1.6105216252954984,-1.11002958759676,0.1686352585425953,1.0359547992193052,0.6488016788088677,0.06803356305078187,0.30092987906482055,1.0187898412499583,0.46467855951907655,-0.6050296310790819,0.2948832031332648,-1.168314083553446,-0.07058961071120672,0.6702938921783712,0.07118943961092557
GOOGL,2017-04-27,1.980459973277002,6.83278266528239,-0.7546150061762296,1.009092157870931,2.2887778694882606,-2.3186394917943165,-3.353104785116702,-0.9581751013168419,1.5981144086358785,-0.4203513431420931,-0.5888275555263971,1.2043360301835835,-0.2315681452963768,-0.700235328939522,-0.134325243196072,0.5103145584886646,-0.41427559698037986,0.5801823749437023,-0.42973484142007046,-0.5094681730873717,1.1506613592602755,-1.2956514919862883,0.052031066824468536,-0.2880223168944255,1.3443180735365032,1.005127238174903,-0.09957099444762968,-0.28158261751718394,0.8772057686435241,0.2120549825685344,0.5610647790566472,-0.010513025426845757,-0.1301871982185412,0.20995898115116102,0.1458067766559489,0.23117485720133407,0.09466788164185479
AMZN,2019-10-24,4.168692945569418,-1.3786926423663974,-1.25823773378177,-2.0517741971582626,4.9655272858445,-0.35306659149287334,1.6332436904757266,1.4457382817728666,-3.5560274664680813,2.0616403746838654,-0.768507519287341,-0.2158295262190917,-0.8444403630910344,0.36980950524931916,-0.5848591690158877,1.3169727442429184,0.4529216043542626,0.03960321645261779,2.6159593848188543,-1.34670308745798,0.8788167105233557,-0.05638860645929497,0.5067044020347958,-0.7153433503842129,-0.676603736765357,-0.05441862289872135,-0.5498565169475613,-0.6716628524405562,1.1676488410118895,0.514483451535356,-0.9094025930491543,0.7325274931030495,0.12312610600961146,0.008674178426809936,-1.0591693481148152,-1.3483666551390099,-0.49912821969771015
ASML,2019-10-16,22.959183543828964,-10.997599593851074,4.057714005736893,0.914555972945623,0.024154093314939156,4.3941479168304465,-2.714420939420232,-2.5382087973857037,-5.183355837014197,0.4965309195529296,3.9653421951390446,1.321621436512368,-1.5754276476409286,-1.050984836327777,-3.9614021412632074,-1.1571188576653333,-0.30625947968555645,0.2923555113894339,-4.632940688136536,-2.4257264497117226,-0.18590645589332344,-1.2237126286660849,0.8515886499098192,1.911935934575829,0.6267122017992153,-1.4414076487635552,0.28574985997797664,1.0619093097212307,-1.0104297616870122,-0.11952670112345122,1.6951744108792832,0.8687691798895593,-0.26571579481471175,-0.042424642858341174,-0.2407420477081539,0.7273781892261345,-0.9329719606928167
GOOGL,2019-04-29,5.347401867503217,6.7106306988698305,0.2453555753724632,0.8687069032415253,2.4637238415997844,-1.0740696200898445,-2.242952876709029,-1.3990492730948538,3.0336497444030357,-0.7049360880856845,-3.006066238751097,0.5461341539288254,0.6796739930342951,0.6637570628665121,-0.3814095565726014,0.4313218976919704,-0.8564349747424044,1.4311239112072534,-1.3011892709883386,-0.733077353037785,-0.863063769162259,0.399114979929793,-0.3306756181988003,-0.6890012565021468,-1.003808817833425,-1.7384542528601483,-0.04156171603644012,0.7288779994233544,0.3067650329350803,-0.4098596022753879,-0.645342482708418,0.08214798340737452,-0.7745445689308216,0.685851589625791,-0.08464796437051067,-0.4326056747615502,0.28018742569320587
MU,2017-06-29,-2.6313135881009946,-0.39062766422857476,2.1612483375829057,2.0914931285239597,-1.3829691916171976,0.39697982068229365,-1.7771403854771213,0.34693537245828254,0.8865733358417385,-1.568032631020865,-0.5236698304252083,0.41187216006561345,-0.6769306919739108,-0.7061399789161978,-1.01907888057346,-0.3605116450303666,-0.6175899974431341,-1.971706889109114,0.5987616715202774,-0.9612955192117456,-0.332695632653351,-1.2233557339019223,1.148120960286132,0.7664239267406903,0.15072918236757277,0.7309798859287109,1.3962619422043119,-1.3304377983323523,0.6557394660995312,-1.0046484866443182,0.7197120365367583,-0.5174903291301051,-0.06612033907553745,0.7670349278109624,0.39787188366954984,-0.4553543256077167,0.522906029046846
MU,2016-06-30,-3.4661736668855965,3.3701788328028197,-1.1079942344579872,0.927283027640759,-6.223611784165824,2.752576985956891,-2.5345192228078135,1.8483191479067322,0.49797052144499143,1.499202225562131,-1.3758233779877143,-2.8334458144364785,-0.08109789108981516,-0.6445012402440022,-0.9244347084099352,-1.4957013772147754,0.8343739654765826,-2.943326917762385,0.4026027597098911,-2.3765989145170976,0.8873139463243829,-2.8786990314989054,-1.2007186806192423,0.11287194091267069,-0.8922561576684873,1.6866791943931447,-3.1207477817440004,0.44055226908621864,-0.569554197906694,-0.05641151325894355,0.6172675126426772,-1.2661443668415582,0.02933669775680376,-0.7558874743308686,0.6543970552795556,-0.7264164016092127,-0.8384051819384272
INTC,2019-07-25,2.3406352066632707,4.698019470049876,0.982784892400712,2.3942980095199315,-1.2788392488324214,2.9014154263809715,3.645037698272234,1.2745463819198786,-1.0346617205858537,-1.9405089999105378,1.1099581690940683,2.4616797762649822,0.008094819638340899,2.273617511433581,0.49928183802409354,-0.626763213078749,1.559663336063158,1.3295841535971815,-0.45122565826305994,-1.3081378431917776,-0.30855781328306625,-0.02984324379541532,1.0990556496079193,-0.40073020062528364,-0.6529440101277835,0.5965742889991045,-0.6408441778523976,0.01668174759692308,1.245694595552739,1.0474797395950477,-0.22628319195799557,0.9767413972332929,-0.44761864132400286,0.25000177267467044,0.9067648466570403,-1.0294524694556302,1.081919408891927
AMD,2019-07-30,-2.047571616861792,0.3151047184041991,2.1459641538410335,0.30833105087515295,-1.3572637305314568,0.8116805548621902,3.0734250285879976,-0.44057543024600426,0.849875674973852,2.161621287062029,-0.3354035548227786,-2.7532481302925187,-0.6463062563191215,-0.2582134379246118,-1.3142536375684921,-0.12792493251428352,0.8742973246473642,0.5579131201071942,-1.355884972218057,2.3565892257635035,-1.8544893049850828,-1.2700333955339251,0.8617767612167125,-0.18079719563737556,-0.059715454309719335,-1.3510854343531449,0.5833182246763376,-1.0408593558216572,0.5954542621470353,-0.6371982084257423,0.33910413986266913,0.22700704539508548,0.9566634595796674,-0.049955418154648296,-1.565565715177611,0.15121865266924614,-0.42356771531145043
MSFT,2018-07-19,5.569189257056144,0.7629030618996597,1.4316127068726892,6.659623262902475,3.174056095293431,0.6417076835364268,-0.8375476234383611,1.3467452693526902,0.802625572171539,-0.038250947031731,1.6776286659945958,0.3385245955416366,0.8143757661115298,-0.9316883569739005,0.24544638737853797,-0.42443564683327156,0.23153430709080813,-0.7561857420815519,0.6972432959152686,-0.5442305733127637,0.1851343296894314,0.28035081875244633,-0.5016723467781666,0.5108953834791436,0.08860082823876096,0.3814731567662992,0.3556772395462507,0.18666541690066332,-1.1316332159332527,0.911674360526318,0.030708502413788228,1.252717988833833,-0.14407309678552335,1.125374565654497,0.00885467588995763,-0.041315104405144264,0.43910563714867434
AAPL,2017-11-02,1.272598148806098,5.120497023291145,-0.7523040731305998,-1.465411889201451,0.285257821011966,-1.3348755600878333,0.2088220748957645,-1.4147590486354877,-3.4646532422853253,0.5852091702382073,-1.3037184652335543,-0.015942544352708282,1.929822117814834,-0.34445763686371006,0.0018342850544844182,-0.09998707935869837,1.2074258482876483,-0.8243388817340421,-1.0935828123446132,-0.009091472269260171,-0.3344118573625943,-0.5389008273467739,-1.3007767541222384,-0.3622027247094706,2.06865667309788,1.6445511782286166,1.0431106794154708,-0.7502806448423371,0.057985326652528826,0.44731408583342297,0.4372539741664177,-0.3192900663954797,0.4902049927626776,-0.07032837541541616,1.2946861979319955,0.16600104029045748,0.8808601398044092
INTC,2018-10-25,-3.7136233231375146,-5.953720573854424,-4.347762666383009,0.824566032350709,1.139526896503302,0.8225127987661704,1.6541427513325369,2.607020818229747,-1.0042266464811644,-2.6175201951872897,-2.250834536975632,1.3168358129998508,-1.2282942183754877,-0.4829291047527531,0.22603275058301364,-1.2959924744530535,1.1836440974027485,-1.1380646169722155,-0.21340199244861707,-0.820153129208107,-1.0987465863054955,-1.4949489011493104,-0.17510075246768533,-0.8972780395734705,-0.41700172077721587,0.4488310161626287,0.9554376869564596,0.2849731655485784,-0.48859734096442864,0.2885692897642159,0.11931890625298991,0.36266652187424436,-0.15169198948629084,-0.7592636867461886,0.000548234909852668,0.08779650543498287,-0.6743604354939473
AAPL,2016-04-26,-6.615307192739745,-5.62142965851141,1.490314462953409,-0.002437713476338837,-1.6748368944495247,-3.305443501312618,0.2525173661583973,-0.9270392467821496,0.25818285050032075,-0.5124351894210549,0.5193427964526272,0.6281081733372514,0.7431235948024383,-1.1049137157626754,0.9888879338214362,-1.183738112403149,-1.3227111178317192,1.623490342264259,0.583843827611627,-0.24804408645832585,1.0365609794557193,0.04242633571374515,-0.4229197788210424,-0.46062684556757033,-0.22650779101489146,-0.26896935323789983,-0.21064188963414862,0.9501690883678782,-0.9493786333280605,0.4639091436652133,0.023158211013319812,0.47533644677510095,-1.372484960595945,0.6673382861083167,-1.3686518566572525,0.31400399044551636,-0.821735208235348
AMD,2016-01-19,-13.31980069750483,-11.860508003380742,-0.9272559956610421,1.1252932047696196,-7.695475668403284,4.854142544217025,-5.1988734225323165,1.2627774550278137,-0.21083651480049467,2.501303573537913,-2.8051907230208446,2.4915067922897736,2.0313396936629857,-2.10518037474284,-1.2620921066282713,5.978699546801047,-1.2001040950610007,3.6107732355435926,0.3040518022574487,0.17318430379532196,-2.3097547204128173,0.8086027516937437,-0.9421218147603662,0.7612414935249835,1.4570539510962621,1.4745132150958324,0.44359902053958966,1.3080189831851827,-0.7632532826150271,-0.7014806596411656,-1.1529487189562462,1.2760672143999676,0.674832203059665,-1.1401612733254212,-0.7009115846933377,-0.271879295814758,0.8600913348013882
MU,2016-10-04,-3.6041788770884557,1.8464204246751805,1.2893212138481067,1.3195621236656343,-5.1605194043153775,-1.58728007521416,0.13622472341162753,0.18424531107933045,-1.3675236984216128,-0.5039482027602259,-1.5859197227035504,-0.5382225783896316,1.102299417830216,-0.8591717888862463,-3.4132113360416896,2.2118941528806073,-0.07927491340206463,-1.970750669371951,1.4346368257695756,-0.40579572382664,1.5997945521341128,-0.252175850706381,-0.21503312143377562,0.33447784695065685,-1.675236137472383,-2.0547725512097617,0.16454005381420125,0.5592658652822119,-0.8297089353247135,-0.3288935992787549,-0.34108778098764064,-0.9560848134219648,-0.413448904977598,-0.115849624056077,-0.05082952080979812,0.24947648890702603,-0.6669856374437482
AMD,2017-07-25,-3.8723087036042445,3.2930188348088363,1.3761460181344172,1.4028133236956677,-2.3132466662554596,0.7133017936901757,0.44452357460567476,-1.2260231180204388,-0.20177362018922587,2.5163952589036747,-0.14144361911284692,-1.2796686702263904,-1.8114720780313895,-0.17301293960421657,-1.6611791995082845,1.238868913538624,0.6506882710516837,0.34759248238933915,1.3881188563469526,1.2258979406428117,-0.29988245805213537,-0.7139230703089899,0.8254477493619741,0.00126570813489321,0.3577943917020611,0.7535087432395996,-0.12217428107352117,-0.27447700525045793,-0.22168467261206803,-0.5762325142186109,-0.594491627322311,-1.136393023074453,-0.6741149523601607,-0.2892314501885031,-0.5321062906735037,0.808630873394238,-0.6514335330161499
NVDA,2018-05-10,-1.966364850912361,9.439162086969214,-2.7914603909351245,-5.600629953057336,3.7450123694465574,5.7002568731630765,1.9412905217491607,-1.6428534323496424,0.8053612226139124,0.7698844589428918,2.1306564092553417,-1.4167995621524183,1.994124277392609,0.7025148390703813,-1.3117880095660683,-0.1471099784251682,-1.504775687033809,-0.3508447928031051,-0.6035900226665175,0.6828963580906636,0.7770113742720535,-0.6628064738725561,-1.6446985130908427,-1.3585345108177915,0.6648783139861887,-1.4023618937538769,0.052815012121259886,-0.5869913722272704,-0.6260393675364763,-0.10702326352111122,1.3463503952054758,0.08411703789435641,-1.2858220532638773,-0.3258899688692177,0.6427653128731896,0.7206083807656748,0.4954585690189163
INTC,2019-01-24,1.3879585612842804,3.0953505759950697,-3.2026784200199354,1.6692992356196792,-0.7024897480401222,0.8967831338603521,3.5517838026084076,2.753380644216373,1.581693639580558,-1.7556967023454795,-0.6217658956109747,1.4343391730237949,-1.0500780612488079,4.400870933961363,0.45072586922216307,0.051032857330760795,-0.6622050157120338,-1.588615858378259,-0.521577087045613,-1.7393310610403536,-1.3695591857818386,0.562090099940143,1.1576440654837066,0.716965182369899,0.9404966581306589,0.5955601031075484,0.017199158714360726,1.314430925285433,-0.4537857695678028,-0.8069994747980151,-0.42743673188324166,0.5725806923393487,-0.2589479707765606,1.091901885727065,0.12320746822818633,0.03698010303220502,-1.1271894024755786
MU,2016-12-21,-2.6247785834555115,3.6508793114159697,1.4410215771741928,1.6755224548313896,-3.2977544730714383,-0.9945849342910161,-0.5685720976362348,0.9266146553179363,-1.5537595093751877,-0.16967375419621344,0.41564120316531983,1.0026740008431425,-2.000143316083211,-0.8507121723546267,-2.390074768070704,1.8921862249232473,0.8986491767000087,-1.89094880747897,0.618209217554597,0.9950801181067104,1.9414227579812269,-0.7820647094095149,-0.0866498619033346,-0.038456102968696074,-0.3500306281321897,0.8230309379294952,-0.0421571977466773,-0.23861518507830246,-1.0975638247257085,-0.4438481104384951,0.2968805584639501,0.2907367666298368,-1.4937346438627062,-0.6631029391839743,-0.1486025960630199,-0.04374372533561582,0.5173100348395216
GOOGL,2019-02-04,2.8341692813447255,5.006736570010707,-1.6574307551712892,2.635577501806907,1.7146498991077603,-1.4042855100806702,-1.9712717093396002,0.14310369312511156,3.1363318501264925,1.336407202098275,-0.1344462750161143,-2.093227580667674,0.8178196475967645,0.05365036732187394,0.23104576556189863,1.3841550995863245,-0.5743648226615711,0.20507499178066207,-2.779711104921368,-0.7309417193531795,-0.833001989173576,0.7255678073959259,1.7853632352814794,-1.211438384013748,0.15427885033069172,-2.1052284336396965,0.42116886626409866,0.2538299070258579,0.6675881904556924,-1.2031995635398414,-0.35290619125802597,-0.22449771976289698,-1.4246833470036615,-0.6080221841602156,-0.5023220158532397,0.19249828428818816,0.6611050258689533
AMZN,2018-04-26,2.40398123091209,-1.6053150882268545,-2.541588681196361,-1.781509521809806,2.8184024074759773,1.1068989085009653,-0.1617687865688762,2.8268980316907424,-2.089251395760795,2.7287923449880718,-0.7504158037677132,-1.3460328657383356,-1.5325389055049705,0.41786417897561673,1.3711116470284486,-1.0653001606159518,0.6292986554264055,-0.5329005754208181,1.7270553718636363,-0.3844243742526779,-1.353282573176478,-0.7773201548211567,-1.0101781415631865,-0.8553503751173188,0.7881830748915903,-0.15997480413560766,-0.20592200630146218,0.9767982440515058,1.2064772749335575,1.5082222657867743,-0.9201072673854855,-0.43247172317868027,0.8711023852027647,-0.677137586446633,-0.9964357733291964,0.34432657148173373,0.40201582836930566
CSCO,2018-02-14,-2.738860980277368,-0.9673832767134013,-2.673357059942621,0.316132962404713,-2.2419057999345413,0.8875796639184766,-2.6710984374088254,1.9563732749397142,-1.919188335864892,0.21249568245768008,-3.0482845024620158,1.170730046389325,2.2519372399482447,-0.03044563301822514,-1.4041821592393118,-1.5285294578321293,-0.5884724297046461,-0.5609276078739427,-1.13146678452432,1.4200943548584137,-0.2986893889572103,-0.42280979406354235,1.6040477258985248,-1.881492805300275,-1.1600435475395088,-1.2766881032380704,0.9014311125863084,-0.9522959592308738,0.4287208784399286,0.4437612883204186,0.7236465538227569,-1.4889178383912496,0.47780454163935443,0.8372677974260584,-0.46997601381748405,-0.4809333397179859,-0.24596072209911324
NVDA,2016-11-10,-7.050464845559716,-1.1004018501760982,2.569337966423996,-4.645722190158613,0.45772913541837834,0.7693534653153523,-1.0554516787848662,-0.5956987525197194,0.08249041505455372,-2.4125484296894357,1.0520091671536216,-0.8275888238224016,0.21270990644965965,-2.448093835619753,-0.20866154611359522,-1.0045216444243974,1.0220890509972052,-0.862162624728974,0.08983716722231555,-2.040859248338296,0.20154369955254675,0.35487898415747426,1.254271629345032,0.9021637560674627,0.25581587606205636,0.7896479634970798,0.8373456050345951,-0.8237810810801484,0.013953889569485773,0.4050293503502815,0.22379832108967412,0.894630208038122,0.6016545281433548,0.24099171683459203,0.5343953280339112,0.2977407352222947,0.7187920000318881
CSCO,2019-11-13,-0.3869765711057778,1.7786582606861085,0.2508995099332929,1.5346549653904829,0.8868492526299977,-0.3348395206709621,4.439386436494271,-2.0312079074517198,-1.8877246902303393,0.695348072657889,-0.9941467284044427,0.5349507418209392,1.4369693154075693,0.3199567520870114,-0.4780703045943448,0.8421087779170586,0.7260314185104747,-0.933196120438474,0.7898941612303657,-1.9737686842826365,1.1578010757449204,0.07098377689179175,0.39945575699105995,0.9452128687841884,-0.5386112020737711,0.2735416595555047,-0.8776540775645745,-1.0894159116506197,0.7404529877827853,0.5864516068547448,-0.30063199474366253,1.5415727614753403,-0.9019286772930327,0.9260298424271384,-1.33712064517015,-0.5990297291898486,1.0163088732689658
INTC,2019-10-24,0.25251926690244253,0.8866450205612022,-0.06380331585770559,1.4988887449280666,1.0671212062759174,-0.17566746165088948,3.081707175347443,1.7864484094832005,-1.6107524336889936,-1.387927138868392,0.2559184026129659,1.0835604512326344,-1.5619509199927306,0.3402525550856261,0.005902471064939188,0.15349849542908892,1.0856859224370115,-0.4728190216855672,-0.6724838030971517,0.22411274983326313,-0.8733370724901696,-0.5633254217235143,0.7323268950149131,-1.0079535327357236,-0.5894917369933999,0.5765388918735277,0.05748318491152408,-0.2713903873288033,0.8091269308786256,-0.13136856159693613,0.17347373080576664,0.9143873825818412,-0.6107557787862282,-0.7605470908911182,0.22850406038076426,-0.06930178721304103,0.2354147835778694
MSFT,2019-10-23,5.9673188336716025,-7.422479274164161,1.1353818487322738,4.719277212472732,5.233287774551068,-0.37672468213951554,1.1112606927211557,3.0983076203204365,-0.3209989804224662,0.44107657905374725,1.1399459506277831,-1.772908530533062,-0.2791097448366892,-2.1514962562758444,-0.22651526125317006,-1.374045875218989,0.7019680836374474,-0.08556967971455161,1.8863404374995396,0.5882738361352117,-0.15230491492225326,-0.732168179704179,-0.0994028586095577,-1.123859587194919,1.05826225346484,-1.2316206870532187,-0.9418855362792796,1.1712294916759947,-1.0183943558777395,0.6494461239992622,-0.9570886996788665,-0.8314425673053404,-0.10016658653792915,0.4086866241226575,-0.18036202197762613,-0.4092326376431001,0.022017608502613126
MSFT,2018-04-26,3.1410536048682074,-2.3275939658186546,0.3456427893356664,5.510287700924585,2.951734351421959,-0.746263622298709,-0.7585026397604114,2.624192175257,2.3215712803464585,0.017385786879230803,1.2623966966808868,-0.6767088108871345,0.09049565069444424,-1.9275122586820272,1.0838737682368849,-0.5544234801416728,-0.6113807252714577,-3.348109037754795,-0.4961552400954155,1.2039754710698551,-2.692525595225462,0.2431020594364316,-0.8495327758691265,0.3181989550817326,0.0025363827033604396,0.6514103745182153,0.5304483180100918,-0.033824311991689296,-0.1851639705411781,-0.3818109362865693,0.383178290504273,-0.853045141694194,0.4090100621093665,0.0773906443580788,0.40638252076320125,0.026217874353731557,0.16961190231191126
AMD,2017-01-31,-7.298281825950361,-2.0376429078674407,-1.2342829140887226,1.9232929463974533,-2.4442083859093677,0.8634606696333977,-0.7354941139533343,-0.4527200465886759,-0.14336234695082817,3.6312817574811103,1.1209454385889142,-1.4519776742313644,-0.7980081571220388,0.15947386941761568,0.13583841562102114,-0.468148775846114,-0.8291093989409912,3.362771481405783,-0.10192324944549123,-0.8169416436054364,1.0586750285991844,-1.4303559256538112,0.6403403931617093,-0.45642417209569147,-2.12060832686083,1.598014070470113,0.2015118551371288,-0.8952801823638915,-1.8707160431130776,-0.7430135237359583,-0.5002378407954211,-0.23538403339737743,0.7022625118068646,-0.16932519167247773,0.8586293218845696,-0.508777377836396,0.19453952288503507
AAPL,2018-07-31,-1.3117113375407676,-2.0419288317726854,2.237843715989337,-1.048517604351585,1.0288136662544227,-3.127451642463478,2.580384728392914,-0.6738040350398642,-0.651408993113342,0.8369875387996952,-2.4745979071686173,-1.0891967312759965,1.756569539517057,-0.8265686911865603,1.7319580717145533,-0.4632041001883225,-0.5232001323523472,-0.9880724799132252,-2.156313772522822,-2.429162180496292,0.028794914255369307,-0.6055120694037838,-0.3212224941478042,0.12003659898397705,-2.4904840600590443,1.2412621823947183,-0.18900092188815898,-0.6449579236266617,-1.6175936658477046,-0.27377468353648876,-0.3713971405597051,-0.7021579276746391,0.9088820705131566,-0.06196639496759109,0.997370723379703,-0.5774336777419611,0.10736054729725047
AAPL,2019-10-30,1.947542126973813,1.7484702407961032,3.9333640749375838,0.4674162080474653,0.4990980479544413,0.4117771090051016,1.473204584564992,-0.751429457993292,-1.6481373522691407,1.8048512894246522,-1.9450161004034594,-0.22871557189131148,1.9623123160851366,-1.1299671453170048,-0.1073961324815482,0.30023786921730355,1.0067966718673758,0.48255705480328603,0.23908580244940997,0.5272853203231227,-0.3206663998791653,0.751416167483487,-1.3735748876121587,-0.10460851442283292,-0.005848802524538943,0.9255674529866632,-0.6781873564915035,-0.17121057220925806,0.41360379128289093,1.1075843353814703,0.23503193708379258,-0.6440242830691668,0.22139617927993546,0.3716805289829333,-0.29281821280540576,1.4954734435388892,0.2814917184071875
AMZN,2019-04-25,6.753048851474633,1.8379245546207417,2.757560167989126,-1.658950711218751,2.130918239499034,0.3658193979985964,0.33607112157448504,3.031426695738872,-0.7673477080202227,1.628293671869654,-0.18119483486728294,-0.33945271915225855,0.24506062074835708,0.14008929212173082,0.3150200631430763,1.067679779428714,-0.8685543627304961,1.9524459425832161,-0.4428034089137336,0.1280925057116856,-0.8097734597794751,-0.3691924976267809,-0.2759278873271016,0.2997702181714441,1.0104787614363213,-0.20440281339130817,-0.3171283647845471,-0.6930123650152895,0.3207786681661463,0.8508851397302881,0.2759894869319022,-0.745945965149762,-0.9041586998197308,-0.036665044776005386,-0.030888288768706872,-0.17306481066048263,0.7533385270436085
MU,2019-09-26,-1.5945942276808835,-4.00800963777305,3.7189234237876896,3.547037040364125,-2.3893056277811224,2.3230177446869305,5.40373502904803,0.5884715343468725,1.0068865301819552,-2.172946540426889,-1.1146693893705888,0.41252136809502626,0.5725176814502249,1.05977514031359,-0.844298817604844,-2.107834041499369,0.4723711203896377,1.122891560133406,0.2562826766012522,-0.8355878955655356,-1.3192276709860589,-0.01917457910755098,-0.012764993122074747,0.4492256224245072,0.37865736526373067,-0.4773952116800608,0.3511697423935079,0.6664890011500106,-0.4145756977217423,1.0508196334115176,-0.575429445104193,-0.8505554416497306,-0.5862867114432035,0.055374093611032016,0.5316668547838841,1.568493413405128,0.34549707098310967
AAPL,2018-02-01,-4.263923456606855,-6.7220461647741905,0.25519353475639467,-2.918674894304116,0.4076515614387904,-2.91643614191454,0.47820277053177546,-1.1588636973463382,-2.7057667914635704,0.15406572364547003,-2.6727158210408004,2.2134859953030377,2.811025673724052,-0.23487271968684217,3.095909858742028,-2.1871081204501808,-2.5830977855823765,-0.8583718569761948,-0.11372340935973903,2.030711109487876,-1.0216532382251813,-0.36425299355582624,0.5383385218154693,0.44043948441071923,0.4906162512311602,-0.44327363423865423,-0.7188357261294395,-1.1639562138017931,-0.33464725180029165,-1.094453540950206,1.1046900944519373,0.9506998876675444,-0.9357954345737285,0.13661323592499694,0.8571387063547697,0.16120915571095215,-1.273032920929931
ASML,2017-10-18,13.370484254903761,-6.457955033521571,4.4079585640073615,-1.7706785357196162,-1.255507835231059,0.08880716266720268,-0.6729829746929351,-2.2815575365362797,-1.2259974550682136,-0.5128004354101876,1.0102044985138314,0.9783642017082143,1.1929374155173749,2.2007498500265443,-1.674214580126023,-1.8216113965443774,1.9694005477611116,0.17394436605057914,-1.7119480417815212,1.0709622119174265,1.419922027524138,1.3854156911933784,-2.5440122907679146,1.3501000933707943,-0.018771800483637677,-0.5020794937486102,1.5567800770040976,-0.06518733711889917,0.6373210238532264,-1.5481455388900405,-2.2047273769490765,-1.2249517906215004,0.28982621764323546,-0.6173200436642906,-0.4496357082759036,-0.7423880323057395,0.3401195857678393
GOOGL,2019-10-28,4.388292080177506,4.872283628470549,-0.8432689906738358,0.2939398830816812,4.06215026983371,-1.6091145075933855,-2.272473172789837,-2.0718120604977304,1.8573403957224734,-1.228148291455851,-4.038539180743912,-0.17275366216631372,-0.8176957831164016,-0.3756242669343142,-1.7556111883857384,1.3929821688918962,0.22455166339150337,0.6118013989976865,-0.37703975596107386,-1.6027536242245048,0.5449603636379589,-0.49132394453437195,0.23139745024317895,-0.8803916739496116,-0.016126589004452352,-1.0917302529215056,-0.19579566663506082,0.4528355545825938,-1.2475841639970362,0.2176177062767544,-0.6248623389188034,1.1521670191227955,-0.4891954341366083,-0.7812013437204012,0.21067825573547314,-0.05901536869315979,0.66989821268914
NVDA,2019-02-14,-5.186122529044179,4.401223119972187,-2.116810611286688,-3.0974617866605807,3.0489668176480778,6.195698152796025,2.988454660157828,-0.3590075518861538,0.284812214987289,2.0932383010651625,0.7620828256201005,1.3027400071126587,0.01976021100497471,1.4178357326872253,-1.1490743774564334,-0.17506524810784618,-2.83716777231686,-1.0979771586741718,0.49455457001553654,1.720277851305403,1.7511626176502924,-1.444498601805783,-1.5151115908855817,-0.7443228332419755,1.133946104859329,0.16322225779442706,-0.8112734713873183,-0.022927376056058844,-1.7041033981371723,-0.6905227453904703,-0.9472962702267208,-0.6325585448316586,-1.2949866172765727,1.5102399199434577,-0.6027381479934303,0.4529714790321144,0.14849138017219488
AMD,2019-01-29,-5.443927071743108,-3.156916015847708,2.460154060135224,3.3788390913306343,-2.209776807855939,4.904027520200205,-0.4976586648699202,-2.6701621006695486,3.3506065607854874,0.9878603963370977,0.7344059660266515,-0.39430245890096854,-0.4115300024915965,2.338384458593934,3.417077784411682,0.6387593655781645,1.3025816419370984,-1.8935449601999084,-2.1139662253236375,-0.2533052300022124,1.259734212206,0.3172557503070399,0.1580622980250661,0.08839650978397913,1.7443950662115373,-0.6897158758338604,0.2995779752025319,0.2114496051835634,1.47892085446151,-1.2765418880570183,-0.1587463273392314,0.5139598732717695,1.240727551893599,-0.8524387529340827,0.2796103767153722,0.5395299787924182,0.08196864903879211
MSFT,2018-10-24,-0.0310939519649645,-12.61340612891192,2.6511089465167004,4.889789245432561,5.156031337531855,0.20222630362070412,-5.263560840865192,1.8179339497395393,1.8544595211861385,-2.376131804455875,1.8081465001615085,-1.7741635207454383,2.5891304034574474,2.51511006761552,0.7378301302514146,1.1827373883951362,2.6643622334978607,-0.46143455491962876,1.8522029308158219,1.9517032644044126,2.776186538761089,-1.0914700846965466,0.2063403773005103,-3.699932625573302,-0.2574881293979062,0.5637186042629911,-0.5489584171653584,0.5280806726405722,-0.03898814586509546,-0.6795736643163188,0.010131707392102951,0.31480988165884205,0.02298287137672092,-0.43290584094915135,0.4058234095414751,1.2664095325244433,1.0346639067806152
AMZN,2016-04-28,-3.120676095589645,-1.6963521477887247,2.745005742916039,-2.5169184717304436,-2.8320787638017206,-3.572652712298128,0.17811640492142683,2.0988193447036974,-0.36818267637931357,-1.0518857708814684,2.2985086561957675,0.16288747444892643,-1.1487706027539681,-0.5720984200011353,3.074923271809173,1.594158288406245,-0.24080178770570312,-0.8956694882684122,-1.7315950981279644,1.1927141972452262,-0.7905732297794589,-0.08735814691985803,-0.9909805046428333,-0.1398917854888114,0.2901444888141123,-0.6581991213273881,-0.1293469906764855,0.04332242533604154,-0.5194042177344463,0.600772528085042,0.9607075704297069,1.7989350398181565,0.20371678169417762,0.27143374401927445,-0.4669070713318766,0.710463069523953,-0.601696457342733
CSCO,2017-08-16,-1.4012409354365978,3.813411820938451,-2.3807507407139785,2.2657907943409716,-0.6059401901893665,-1.3688733631335663,1.4828664722178693,-3.355117246388474,0.5471029718713646,-0.9745083957321222,-1.2139918928228397,2.163810442057179,1.4311819794555176,0.14513005392044126,-2.552081345233394,0.5869159891436226,-1.6789098766756194,-0.21051449066174083,0.4178471404065023,-0.5478452187115191,1.5051864249978786,-0.5623933271518916,-0.3097166234410103,-1.1295503745673188,0.5556629181651159,-0.850786299671982,-0.9649116020936618,0.22155441270926876,1.0330729874013713,-1.0234432800321094,1.5096734845662274,1.2834820209522184,1.0160329023829067,-0.8052298819353675,-0.8780615571727707,-1.033993830375404,-0.32106273864000867
AMZN,2019-01-31,4.900193301263378,1.018509930793104,-1.6476147817555844,-1.4248492322336002,0.9525713639754373,0.609094852110016,1.3328453688881403,5.435668676768253,1.4327547777458662,4.70655480822813,-1.3321333823983197,-3.5813182151344827,-0.33338608520424906,2.7707204561943697,-0.5454610953003108,-0.3862387700125947,-2.0635868136356277,0.02352896942797748,-2.4502232495237593,-2.8221880392373446,0.0626546680992497,1.2873476949186795,-1.0934459928350684,0.04698967063810978,1.065836420799467,1.5736359959813118,-0.26409419377972226,1.1975208061129765,-0.45318259946845435,-0.3957030714946256,1.47507213870065,0.3461670717383,0.26172107541313033,-1.3793990460612664,1.3560444423281595,-1.5823114730293226,0.7880195545608762
CSCO,2018-11-14,-3.685449140275892,-4.49288941073074,1.3991510392924558,0.5366180265512096,1.894903454275904,-0.6283102305356073,-0.5194057673140249,-1.9145569220386014,-1.6071801378662356,-0.7400280673796839,-2.141567694832238,0.27077972184271215,0.6466928063502915,-0.5497296979703609,0.9945448021143453,1.7336873581038799,0.695888599650272,-2.453485568657166,-0.4582008689008601,0.19079319285275692,0.04492321976152771,-0.23901748291695696,-0.27554618254081026,-0.7661497087615735,-0.2706799816918376,-0.18556582528132629,0.002889488609104243,0.7003053074259045,0.3574109023336431,0.9770253164451915,1.5911274720400712,0.03526516369209009,-0.8419962503408215,0.7844302509994713,0.0873860181661027,-1.1078456642903498,0.32742870782493794
ASML,2016-04-20,2.092246345294704,-10.266044858069922,3.147861770850846,-4.016797391056405,-1.2574385340639125,-3.9358291806418633,-1.8335543048154073,-2.6605286706216096,1.3924895036246618,-3.543640786539527,2.788693725316072,-1.7023949403888416,-0.4148536813938149,3.384589475790853,-1.5654074482705127,-0.3005243561892661,-2.2481193675786044,0.7676943532920514,2.4077007830394384,-0.16489936229359756,-2.5549427242914047,-1.5058830517241535,-1.1253151017015215,-1.7279488468533288,-1.2916164012634967,0.09856916298152896,-0.5482919740062278,0.41889828068171464,-0.11699560659730615,0.3691096814814815,1.619260406801619,0.32047838052214284,-0.6904814301763563,-0.9705946556729944,-0.16655334884041775,-0.09612097345674155,0.8012670022203477
INTC,2018-01-25,-1.348706482678636,1.2802184422995946,-2.0222349513234703,3.5853809326428476,1.2059217147522483,0.48459025584970955,0.6914325491918732,2.7769546615488307,-0.5990083773084361,-0.21268577896643379,1.6527043360249036,4.385439330873328,-2.6665889051113854,1.5248126694524957,1.1030598347768465,0.2537566428992776,-1.6198940159984963,0.5393653147365789,0.5321311294191903,0.25304596497301773,1.3265442059843515,-0.27364344824966935,0.4097996364156868,-0.9570454181085499,-0.5108729244445154,1.3501844858068357,0.3290678966381307,-0.22929013227258227,-0.07787225600255496,-0.8742828775578788,-0.5725956191606266,-0.567347282533744,0.5956367923894159,-0.19942252916060618,0.23323711661651927,0.4564927945634967,-0.30327599452930454
AMD,2019-04-30,-4.062940074149407,-1.5362635342632138,3.3496822926850633,0.9988859284430832,-1.1915235260924788,0.7714069892790087,2.5953434619577345,0.6193360456015082,2.409640547245054,3.490732010220437,-0.341917068801272,-3.029971755892904,-1.3446931501406296,-0.35674130776351226,-0.0323960921534469,-1.351125856424186,-0.5071004672909086,2.062621378351545,-1.4597902195218635,-0.37287528164720685,0.47906463787298353,-1.5136583911233792,0.23084436000421368,-0.000856598522489891,-2.3272168465740375,0.32661540736438216,-0.833253677191026,-0.3074012874552517,-0.3310490678597076,-0.0580742865936349,0.5367878521457272,0.02444446958857321,1.5179468505681257,0.4245328994118843,-0.2535420781841878,-0.34070279824424315,-0.7376482946166475
AMD,2018-04-25,-6.774403067019668,-3.048608015154835,-0.9754264845355309,1.1209076275484842,1.9752937329207976,0.2553534188275071,-0.5784048858315696,-4.296142426558999,0.9440367119341737,0.9846953630374823,1.4768733041545905,-0.8004316067279439,-2.012407795141477,2.83048054554339,3.9888783616880077,1.4012948902656681,1.8340149299094912,-0.08276568103280374,-0.15561126978507084,0.7267360097219632,1.4301432232662836,-0.18280800214024984,-0.20362720890207833,0.5363962551743698,0.8914384269905278,-0.6120521553948881,1.8678679344490217,0.6636526470333894,0.50575422040269,0.926049366775258,0.6233898118662831,-1.0337565005333957,-0.04492534715678129,-0.6960920275760617,0.011796980334811436,-1.3344874987940634,-1.7936718362921598
MSFT,2017-01-26,1.8749555515272611,3.551642951273652,-2.134603427224779,4.718437276129231,-0.5029537370098575,-2.0162467106625503,0.17880489809551256,0.21349016144592203,1.6150231118963,0.4929538640600153,3.4183994349686553,0.23018607289420012,3.761181231297046,-0.23843353228594663,-0.29123580566409074,0.20258181175365442,-1.5370368784437285,0.3565396442260187,0.6842596815674701,-0.019603149076556338,0.8005191263928509,-0.1511452919847735,-0.19459792857337993,0.15535183708628136,1.2747908535911079,-0.8491349401544362,0.05518864019960016,-0.08088132535433322,-0.8124767566845924,0.4657152910935379,-0.11389008221498949,0.8282512539954434,0.44356522192480696,-0.3497771115018093,-0.41300241794803066,-0.6035570581955615,-0.6847853543391833
MU,2019-03-20,-2.6550521988913114,-2.5206753461940794,-1.350750644203272,3.3212025358029345,-0.24780423343523988,2.0769386614457144,2.452025647373671,-0.6922095159798899,0.48130276267529376,0.4420721084818153,-0.36352242856301853,0.2789180889215262,-0.07760045417368938,0.6251663814634766,-0.8848503568556924,-0.43216884937324995,-2.0355695915392196,2.0908818002576175,1.6790463246657115,-1.7792114623882338,-0.6464663458190077,-0.15499305563235025,0.8673649099464592,-0.1472762241934851,-0.8408204216744798,0.10364385062032047,0.5641102509456135,-0.8460923684856865,0.8786170037805685,-0.5045083690510256,-0.13993200270100942,-0.06065002507909815,-0.7319258354167547,0.1341298938628804,0.8478922403029175,1.8942766098896264,-0.7107532117588345
NVDA,2017-11-09,-4.461131432236756,4.352870682653306,5.215869612502666,-5.438371603123109,3.037499337491287,4.074158347048138,1.2350788222235627,-0.5333629543722088,1.9945185483277028,-1.687629777371301,0.9383949216787671,0.3619394722318203,0.874234253869948,-0.32180793149290277,-1.7389029107152263,-1.3464796970784714,0.3571921932737016,-0.36958638951974976,0.6390215318689355,0.8030000602253076,2.01260478941713,0.5473922009238911,-1.375872587413811,0.3258489307098425,-1.2152159224774146,0.3855797505722404,1.306283731220245,0.32335501684832885,1.499487540311767,-1.9482929385838386,-1.1200276607025759,1.1403437074346239,0.8908381225665352,-1.0935098001195194,0.716761234246281,0.14194988068458447,-0.5548778895749359
INTC,2017-01-26,-0.8820091053098661,3.2487785208234876,-1.4998166607925627,1.6361168587359556,-2.48177191810648,-1.79925160263049,0.15014944589104326,0.8015878115900564,-1.3389353105895252,-1.4490237635264516,2.924925706233951,1.771663379464838,0.48032238224974483,0.7641225715915438,0.8722075807690944,1.0049407606788385,-1.1154945854652811,-0.17084941263541104,-1.3182300959407556,0.7362338199491564,0.3760777204517457,-1.5023982375042744,1.0992070611519649,-0.095811317943087,1.3723729673123168,-0.7755896641913324,-0.8177827082947936,-0.3799617124801213,-1.0501809895906928,0.639084624730898,-0.7173919851013763,-1.822412879373688,-0.47515988446104834,-1.2487729489149086,1.4975249113196583,-0.026324393725949625,0.09818693456037769
CSCO,2018-05-16,-1.6677194239457334,0.5469808867652265,2.047732447479555,1.7135839809831717,-0.47005877000942176,-1.2944875825495852,2.8613916672235558,-1.2524577390835732,-0.6486602278162548,1.4555825423877697,-0.30063604407637806,-0.031221625506089076,1.1023636927007634,0.06874387320637897,0.18489090799895053,0.007316740912964036,-0.7771485316761935,-0.7970577209427103,-0.4188789298925887,0.08703507782421781,0.41797170013881907,0.5873179588103591,0.6659615260928129,-0.37300897546258005,0.7557970517898037,-0.6794757362863412,0.4926855399750615,0.11928155795342663,0.1305893984409172,1.1701069847803391,-0.6642606085196747,-1.1569344913370916,0.09494148438864868,0.1229697398514862,0.32676824814870625,0.022141998739878568,1.0943473819393978
MSFT,2019-04-24,9.47297613317061,2.546659107470653,1.919184288319839,4.361789388382406,2.675794286147484,1.0184041004533757,-0.40759181565848696,1.6452345328985447,1.8916426870182896,0.9687691558718083,1.011365818327249,0.5276756709755994,1.5694533452810822,-0.36006275940838095,-0.43076614735859114,-0.131332997663479,-0.7125997006533118,1.7645692329507239,-0.18844578699193837,1.6758808780750183,-1.588982873522111,0.5436137354022945,-0.775969600053712,0.2517068423578272,0.41449340995676454,0.03679907005376219,0.21924220186242407,0.029706582711123985,0.13542580575087132,-0.06698096639315099,0.46325879524624386,-0.614546350435785,-0.05956341531809156,0.9144037364814301,-0.030068655163355357,-1.8718848059219186,-0.6267485455214242
GOOGL,2017-01-26,1.5552612479692625,6.493699110498192,-0.043662448064528576,0.9273352571722085,0.7226582338986897,-2.392787430425198,-3.4442231440850053,-0.2990794385986621,1.7209778212932545,-0.07414624581712424,1.9299048901438245,0.005179053178220215,0.7066293374083776,0.16320559460791167,0.4608951624165385,0.5279670188499229,-0.3654788740865863,1.3743460867702042,-0.700185776801026,-0.06738843774841687,-0.19258110944062345,0.11733965963305829,0.5368040573768678,0.8630493461427313,0.7923873855216363,0.8066024128264516,-0.6884996532456215,-1.1231242282825498,1.3014441635652012,0.5933980452579491,0.014299064910296304,0.17901049420648354,-0.2810179350046247,0.10687169122686209,-0.11190127274779117,0.6329465635168665,-0.39044811318716716
AAPL,2018-11-01,-0.7438062321167344,-2.015888222757764,-3.07877172121365,0.319970224739843,2.589953033996586,-0.009478438103233164,0.3879014124779697,0.8174250101532086,-2.3076660648408134,0.7921927218877874,-2.4188602874925778,-0.43191176475466747,1.8006390574891407,1.5344927969799456,-1.5985100861878188,-2.2187106748808443,0.8371369361115771,-0.31634690850701136,1.8190863234167096,2.0421313672946555,-0.27994214704716736,-0.6139564184483912,2.1684584080596916,1.7762414700536453,1.1451932746495184,0.9667719106383748,-0.08588470232102771,3.085153148149028,0.04536849957133268,0.34227073153726767,-0.35341380698418057,1.0216471290271427,0.04689392159915111,-0.12873277013536982,1.6217550141263644,0.012194509925180369,-0.826532807711883
NVDA,2019-08-15,-9.720365864075443,-5.440837216575887,-0.25329286914095495,-3.234746680977254,4.669276320310107,5.342470604040069,0.8663242025303725,2.123980159835616,1.0504765521144914,-0.7668085848272381,0.25493338248479824,0.8930507481286741,0.6888918989735575,-3.0163470862251596,-0.3556028240904688,-0.16992449838974824,-0.7812771133164863,1.9828199763036438,-1.236193654302746,0.8356401922306067,-0.5440821214398951,-0.2723123175927426,0.12044016535448339,-0.1966005392779063,-0.24433255497432163,0.24203318654975958,0.9419675230995395,0.2765562482707683,-0.1923379778463886,-0.29887646396068823,-0.4536968111772803,0.4354342407683594,-1.073070492537726,0.5093482606054608,0.6048742830955514,-0.5339636268193761,1.8291832486229067
NVDA,2016-02-17,-7.2511512114779935,-0.47079290353123654,-7.734552162516085,-1.3542850304606293,0.31403114238010726,0.7389981173305011,-2.8531898619679033,0.33870422256679505,-0.012112842204453944,0.15988804039321194,0.9855053312187659,1.137455363888838,-0.3911170457942378,1.0404671516799207,-0.20361040095496682,-1.2215237277592552,0.014568555339726695,0.22993314653876235,-0.8446814191249243,-0.7815722369971561,1.8129131677039059,4.132621922059009,1.7098446410990864,0.18948709174059983,-0.8066341157995476,-0.7467259313879812,0.3832628068809081,2.1520983896446295,-0.18425802831060928,0.7399001056396745,1.9124633845707357,-1.4140049465654527,0.8147595811362537,1.2230368042601987,0.2767601553082674,-0.2661993094987379,0.7279446731611754
AMZN,2017-07-27,2.944339083436376,4.29134670252598,0.9305198015455205,-3.8915942917880657,2.136368017405285,-2.0893445648371904,-1.4457278376142193,0.6327088708284583,-0.7341102974557151,-0.8653311200404746,-0.0029817466365636867,-1.0706578018636503,0.04827014554010291,1.5652978764393835,0.8299152634071245,3.0945560877486984,0.4396399364649232,1.4867857257706893,1.6558176061796632,-2.17235113622579,-0.7004769583003523,0.7420640687930908,-1.075461824488973,0.9606111268616442,0.6174364099289513,-0.7555319074882405,0.672436883140477,-1.0893418138690307,-0.9320702934348573,-0.22887384649841663,-0.47526669273440647,-0.022793465679909065,-0.037284645819785085,0.24092615302269435,1.025680872640164,-0.6944229721990395,-1.1913350378656031
MU,2019-06-25,-4.526414088601996,-5.018812297225195,-2.631646037926703,3.402107997867765,1.8525296342477866,0.8456474871749791,2.218840843551261,-3.048315043877906,-0.150516508912319,-0.9912567475072399,-0.9108784749346609,1.065623116553704,0.005092486077429231,1.270856810899806,1.522685579701907,1.943986998435242,0.09779946984856584,-0.09639905748284562,0.6406775018685172,-2.5241921018343296,0.5754876535218918,0.1662207833609707,0.4474264010526357,1.464979788035976,-0.8975193296528309,-1.122472333932181,-1.3354917195205918,-1.1960798237669563,0.4762078608367951,0.325700404370234,1.0932996720076325,-0.9260524620159468,0.2680155996636168,-0.18271247752194084,0.049701131195764955,0.7732610714291902,0.6301551925480409
NVDA,2018-11-15,-7.649082840285783,-1.9147429883632157,-5.984624778800446,-5.290552549274967,6.944754494532326,7.45250448826664,0.08065202147677289,-1.0181216233072374,0.16836063932309486,-1.0083310268189252,0.20481038697055534,1.5712009276854362,-1.197314274438164,-0.9294155158755126,-0.4731068010852451,2.1191252473978053,2.403476857369204,-0.7706195210298232,-1.1286139556407169,1.3781644407305804,-0.24485869712520902,-0.04309878103719442,-1.9773506406161978,2.3531078387306628,-1.4272605675949899,1.1854758111657644,-0.8791092418860907,0.6883613141281923,0.2142094121575733,0.19352125124692324,0.9658540176071394,-2.142362312661697,-0.4189110321948665,-0.3288520253637969,-1.0131508416055222,-0.6889599428099625,-0.2558692705401953
MU,2019-12-18,3.0348064554023035,4.354581236765676,-2.130163057950098,6.644768646941456,-1.5960137168214814,6.426393516149617,-0.4368337691431472,-1.1168162627689806,-7.127005147588543,-10.133958676937104,-2.4284855315727794,-8.645914199120348,-2.0696641859315927,-0.674988906815161,1.864176177741416,0.32142296641956264,-5.0827093676785795,1.2739642663060076,-0.9930690316178477,2.135688260528709,1.437112404406884,1.983211672054905,-0.36970519651698813,0.6326265374449647,0.17433557106782238,0.9463052716155653,-0.48641916268296714,-0.35290286349767935,0.44499123688933606,0.15817265657308868,-0.635752027516294,0.24178471970037663,0.3088795869492025,-0.1869248219192423,-0.6281590005838087,-0.3937605256153602,0.05751040386678076
ASML,2019-04-17,19.34941937366769,-5.376196559487142,1.5920943714120561,-2.8109194887855455,-2.7144876445950006,2.0158551239691564,2.2736264344516197,-0.36514519803904505,0.24209556222266962,1.8086412006398371,0.07473750153511799,1.9851425224425514,-2.1823311999613,-1.227951790253009,1.40598293205253,2.976681868933433,-0.9036533458814356,-0.5652869926963898,0.8113154073802414,2.1085209749092364,0.20203643919486058,1.7819451546611704,0.39833285724121104,-0.2830601666126692,-2.592641834044178,0.580337842052133,0.48349044324821727,-0.5695012648315868,-0.30903384179207954,1.1367239755410754,1.932674631713757,0.21468548800235981,0.8983182561634268,-0.9873677415733614,0.4083129154130653,0.23760495734331022,0.3367565687606077
MSFT,2016-01-28,-3.134667491855689,-2.652501792182142,-4.412029260709655,2.9680118112820555,1.3777772482446806,-0.8103585085075153,-3.3806219933645774,0.6227584711092536,0.8628489093932586,0.9902350877762283,1.7448635902327632,0.7040484979713776,0.09646158338096902,-1.0544308118395327,0.0005116484449271039,-1.1962405315438374,-0.6476238299316073,-0.272819997331541,0.604446996149356,-0.006289239817033548,0.8392365420867096,1.0680105160976894,0.41957832831434067,0.24707286682140964,-0.7605868193861528,1.3305576971883148,0.676047649034582,-1.500228801356089,1.095504969560817,0.4464489123395757,0.289099876155224,0.16664007136332132,-0.5635194246158138,0.048092692214584315,-1.0423534259533622,0.5622809082943571,-1.0384772160316906
ASML,2017-07-19,15.087252005311907,3.5299542434457907,-4.718628685697507,-1.3389686424069847,-2.3260038298806505,2.058329195654372,0.6231249519114775,-2.608719811224489,-0.13277230111285915,-0.16739675801214463,-0.41312979143501455,0.41749727509102735,0.3287525658052229,-3.098295054084529,1.9890397637555146,-1.2823672164634266,0.7573900542354457,0.08425029495528945,1.1587219649463047,-0.9645718081523027,-0.5197823636631625,-1.3817861429748148,-1.2492006654368657,-0.8977376881565037,0.012462520741630212,0.9465699613728563,2.0381502141171968,1.537288048582973,-0.016030564081785614,-1.2623536599581353,-0.9994056203831196,0.10661507487565508,0.007081362372966141,2.0378264260530776,0.30524898617996477,-0.40383414325788103,0.2770292065476776
CSCO,2016-05-18,-6.0779884167299745,-3.238985486693748,-2.860571386268128,1.88423396749264,-0.9220820155273981,-1.8542852689654197,1.3278891908079258,-0.7575945670405674,-1.634701216758819,0.7392325426710858,1.0151354013618543,1.1214871588158697,1.1747622520250889,-0.6620496524882126,-0.07315164098294555,-1.5929603197603908,-1.236976191933304,0.18109884291222267,1.3474025369907134,-0.0766815948822216,0.9506623631339033,-0.17460796810762888,-0.07702716330157042,-0.22360072627943767,-0.19101409172291203,0.30824940288697655,2.2600302610176417,-0.2495235143065854,-1.015452518352296,0.1546869684810283,-0.10974706741143497,-0.12082098126082222,1.0489365222960203,0.2764954769026559,-0.7359026739878333,-0.5590032115321687,0.287520331154538
AMZN,2018-02-01,4.3995041638211925,1.7985648965374432,6.093046209758952,-2.13710016150508,-1.6801228531023769,3.725981304757221,-4.7549808751647165,1.8497831348097045,-3.0332747265524698,0.6635767255261951,-1.336410581187565,1.5042603931497809,1.5371673215876507,2.2093010858693,3.487323903272876,-1.1675457710844264,1.037636044981048,0.35647928743573515,2.006216409363914,0.6916120391068478,1.3419555084266497,-0.7334685033474347,0.7329613588601024,2.5148142086178633,-0.5389830776620422,-0.9842800517949187,0.31284734758319804,-0.3791780616192593,-0.5431827199878059,-0.8834574336054383,0.12384202147479957,-0.3183700882327718,-0.0671771107558603,-0.6250431728581294,0.2832006293166733,-0.013311549474611419,0.7299459447218131
MSFT,2017-10-26,3.7408160196961378,3.2151743773429984,1.8065670888246448,6.357414956448781,1.6696553568311803,-0.8901206533020084,-0.30017714630147946,1.3316037154957328,2.332410246443902,-2.0053728937964976,2.6078667419598722,0.4423995555257875,2.2419423210212517,-1.6688667130715864,-0.6644758750344447,-0.061959821738730186,1.433540165907531,-0.10178920106633989,0.6605639901759018,0.5469806725729179,-0.670009563667758,1.197456822729524,-1.3105217388631167,1.6230237698303396,-0.13866901323557015,1.2835014756752847,0.057752933107820495,0.3050554632360533,-0.8352924571097298,0.8602538844501326,0.9835333255384587,0.7727758100258132,1.4079389321348679,-0.7334449065168096,-0.18036181873437895,-0.678927969346978,-1.2304131658447535
MU,2018-03-22,2.9244260998977087,2.4230727350774317,8.033954402176597,0.9984444895875974,-4.769388345524395,7.326266486006035,-3.3906101779784366,0.8300819225171807,-0.014235066333961703,1.9816236793162212,-2.8389036345978944,0.3474418858325051,-0.44375654454819546,2.2171621728448665,-0.027510115363577406,-2.974367872602525,0.12542806173909837,-1.130039294838123,2.473690913668365,-1.0246512219080381,-0.30197401360066706,3.0720439294261253,-0.7499501998083754,-1.3542097666625887,0.9034056265588631,-0.1450469863510421,2.0589277914080015,-0.03753524797799375,0.12668429210218274,0.20251101637416058,0.7088414074398126,-0.3900857034415998,-1.4805200435480088,-0.54200926946967,-0.9239435079636543,-0.11605067440346432,-0.2252317611371392
INTC,2019-04-25,1.0324744875355023,1.1308119013837576,2.835786469893205,1.376004555613639,-0.15011577281665447,1.9066166461484213,2.8675193416333853,1.403806424510913,0.040110673303312236,-1.469885679312368,0.16002042267790845,3.3391409256563285,-1.4523691459980326,2.4685765048346,0.8517447808696764,-1.0408515534539688,0.4809002172369364,2.3618022968946843,0.309956475119446,-1.4241572062735257,0.32613526937502674,-0.7671871422624547,-0.0943237897558896,0.2292660521845426,0.09524090971130517,1.0486616692889092,-0.6622304390128738,0.3044551274325824,0.5853393614211706,0.9679211098103493,-0.5109177061248525,-0.32571235394338127,0.5058609235809206,-0.1395890884439351,-1.4058135696602923,-0.38119232111994555,0.3444697460438797
NVDA,2016-08-11,-2.7361344736807043,8.355842683501981,1.4967635631171243,-3.885907970753691,-2.968420307049521,0.6134250214691639,-0.7068478649182993,3.139761140490863,-0.4183825550256571,-1.4317919973457387,2.447509033751148,0.010754289984714553,0.06455917534624388,-0.6532094909964391,-1.3457219220686572,-0.11201147000457563,1.3528874779544773,0.3865961009455264,0.24801116809445317,1.392904172200798,-0.33956844163628913,1.30147971714498,-0.12422598998078485,-1.4141312627733946,-1.4594330832310072,-0.8779674460123887,-0.8545320110075615,0.01851862940526131,-0.32754631498391235,1.3142449665058293,0.29501940177658714,0.7382689634780759,-0.42125741780221976,0.25275705382781033,0.8011329149091366,-0.7265287349778545,-0.3067785859546766
INTC,2016-04-19,-4.56679354432023,-2.6382485012743095,0.4355405870955007,0.6319292196556432,-1.9487057232202132,-3.8580492612282784,1.3944178240497707,0.7358061806521694,0.9470528229314292,-1.236663335121712,2.8455350412151184,0.6271029286447738,-1.6585414236403022,-1.6677677223661023,1.318584989303624,-1.181325021467178,-0.7913097158622384,0.07113710786236416,-1.719786644905364,0.5182980877724367,-0.25827892614666165,0.19615686038274316,0.2469827793497042,-0.04538243650917006,-0.22474450420754424,-0.28462422536404497,0.17115943354711574,0.6122525787231623,-0.39719358600274685,-0.8866469746902103,-0.8757180742482185,-1.6522670851497114,-0.1544013374059683,-0.7499303747881871,0.03916974948813661,-0.20418537065724732,0.8336787582508434
INTC,2018-04-26,0.044262184243865986,0.608958417110257,-1.5138403342827793,0.6591683175584474,-0.9759304092618053,0.1353620622605998,3.2695722560090594,2.1773499464308426,-0.4441355556477103,-1.1465683106230875,-1.5620355109848334,2.1338752421403213,-2.510171327193725,1.3330348953300475,0.3242410257638435,-0.6738147418993985,-0.5910587710851812,-1.0515835466958519,-1.0809295530152585,-0.26835947602255517,-1.2030468378177583,-0.8863893853570051,-0.9809642685622051,-1.0968120087319504,0.6707676505678131,-0.05557573813425658,0.29486200342169405,-0.1389015769062391,-0.3761364634930895,-0.9683437699145057,0.44587348619198075,1.3990822814458026,0.06949958030836707,-0.18327229500920622,-0.9840239484892459,1.6928866185241755,-0.6032357164249589
MSFT,2016-07-19,0.32519707990149493,2.8368977979147223,1.0098027766547546,3.7589156390309575,0.9115217386089044,-1.3188117526728829,-1.4632471679380261,-1.4788103264736099,0.24281642253279329,-0.18261611399898026,2.5561123063746667,0.030528932905500853,-0.0994290229454343,-0.6741270572761799,0.6686776863498894,-0.049539542667759125,1.1396539284568277,-0.8721198408010926,0.6086023185596982,-0.952928593773334,-0.37284244364607005,2.196877975336928,0.3664477018578233,0.139716725113561,-0.6912477522960359,0.9963859433206824,-0.6643490046197855,-0.8710572928668047,-1.2673977253329258,-0.37686043246041917,-0.018309687935381763,1.0040928989706706,-0.5039953579424263,0.2771123187898364,-0.24190520327936132,0.4458290945163604,0.9301978614178013
AMD,2017-10-24,-2.9610898829101258,4.169841329204254,1.1290101689895455,1.9964571945794027,-1.7538275201431133,0.0051590617376544665,1.8370951829004116,-0.7023979225871773,-0.3990206581925538,0.3287867783440958,1.1625192666009105,-2.4549662362881155,0.13036144016155984,-0.32022639372636286,-0.4478451430762685,-0.4891533958693166,2.8298605145871476,0.2938716721502735,0.4691271769472685,1.1880363230617552,-2.3688613789431328,1.017715609721003,0.431896899744089,-0.5409084919722098,-1.0163240854692948,-1.3457105363287658,-0.1452742627781386,1.2646876908782327,-0.2701476039474433,1.1103197246410819,-0.6685356753729935,0.09224206672434988,0.0006936527143128497,-0.1612851085817368,0.520029138299746,-0.04866254673432381,-0.09765167122443608
MU,2018-09-20,-3.560368743545069,-5.111497885448704,-6.9445258135774095,3.1361793437228616,1.3187973399629338,1.8913649101093364,-0.5534750674222506,1.0897553108910223,-0.01470618959941502,-0.7544411203467704,-1.072063810248961,-0.7545123234861391,0.8452233556482305,-0.06030969204125702,-0.36394251341031447,0.2012310213862235,2.1741505309563465,1.824119804206789,0.2554241203447342,-0.1401266444665854,0.010680190831922632,-0.14072728012205724,-1.7366292482849957,0.11676726756891086,0.050212550700144895,-0.9131250543262133,1.2405926083177239,-2.8597294118586203,-0.6253388247005449,-1.507379177351076,0.48651290116441426,0.5770705016208125,0.05201989042965647,2.005357536179035,2.3569601460539387,0.8448819767736727,-0.6263820790378447
AMZN,2017-04-27,0.39508058379622124,2.751439358645962,0.051775203519816515,-1.9915902797001939,1.6528981630914785,-2.9699814430802243,-2.03273767553754,4.21543905823372,-0.5113999309115879,0.06622518081759651,-0.3647434428532741,-0.6167883260162015,-0.9041795815661393,0.11827617506056116,-0.9717876749938411,0.34370683900102206,-0.8486777032227213,1.347061262537254,0.5588566719876027,0.15397913172041267,0.5849771913813835,-0.5995249964793616,1.8405273054210691,0.6865569007235562,0.7342212240099019,1.6688831234106385,0.616156301224818,0.6798584691134273,0.5375475799832695,-0.742717663091102,1.4993831425900228,-1.4122425302912578,0.8051039577650968,1.0537826952749414,-0.5090946879871445,0.6397512133100942,-0.9349627078952277
AMZN,2016-07-28,-0.8894137727462338,1.2161667883906906,-1.4161695982902267,-3.769217750459,-1.9022523456424745,-4.621150149712707,1.5341418908306321,4.547589483042783,-2.043759811755595,0.4343667663644517,0.4243519786954546,-1.8593558184594936,0.13380024737005597,1.0107889147934797,-0.9935148879381427,2.436367023626096,-0.9239410569179889,-0.5640785404406217,0.7718903076901571,0.594978090886931,1.1345572103217136,-0.089441344544643,0.2656235650956949,0.9707695152278314,0.23258615677544664,-1.4336741197931842,1.0725554332289757,2.265386380089967,0.17355179122002987,-0.6659143826915369,0.0022654764864605227,1.0655153232931824,1.312328743996516,0.7295132909505037,0.8615183928760914,0.776554813811759,-0.01883709749771119
AMZN,2017-02-02,0.7451311540324352,4.471386271598961,0.7683326288070369,-2.418247293331596,-0.5538191563871201,-2.1716969604867637,-1.4112955693126492,4.625550437644524,-0.9409384496943488,1.0754212383507555,1.2247130995463114,0.09912005703806301,-0.4956413903281683,0.6003312922335446,1.3845318023231827,0.8049472805784916,-0.5289633870329045,1.5991326985634813,0.04738017260771205,0.10167743314767579,0.8494330868725247,-0.26813748159761086,-0.48207916523212174,0.22031261364621782,0.44823435390097777,-1.318791147153386,-1.2295759048074975,0.2496624074678408,1.1582334055298753,-0.14946837102941465,-0.3989793667293423,-0.3435469907972139,0.6328058625242288,0.17463176399652408,-0.3496625786074823,0.7895899308106696,1.1929258734723736
ASML,2017-04-19,6.0589100676785765,-11.46700166270484,2.318161023640749,-5.403181382546469,-0.36927190478186145,-4.6810691516317915,-0.7835948484601827,-2.9789384631044684,2.9462211659928403,-2.8965430678914714,1.194118976967994,-2.6188014981089753,0.1369616405780445,5.002729725228068,-1.733919650890681,0.9282142338756391,-1.6868763888680676,-0.6345206184378442,1.111074226840898,0.4410284565234658,-1.208458404453288,-1.162710284659337,-0.3301723074710379,0.29475971928014266,-0.5733639233449459,2.302984619642237,0.9761314006132032,0.3405719176136016,0.16417765748198287,0.22372114022345138,0.6302641506455791,-0.7208971435640186,0.3933817584005939,1.605293006192794,-0.13277960775551098,0.12666442090200405,1.6485561714805779
ASML,2016-10-19,2.300094410689072,-7.8007900153626055,-2.7718856956026383,-2.168120039379851,0.241385567584032,-2.891469918581214,1.1362998089915146,-0.3084274777112581,-0.9031269392120965,-0.2140536176546192,0.44626491575252564,-0.32720328725817716,-0.07057361358142292,-1.5536979890426597,-1.605975415263763,-2.409986684372676,1.353880285243231,1.1049451633054321,0.6180046979387066,0.5794603771212116,-0.33168560443173484,2.096471583835624,-0.6362519003177527,-2.08470589685021,1.242355975923666,0.2933443773369412,-2.0273795517873645,-1.8337451804441098,0.4768748502804091,-1.0002966957138113,-0.42101484414472284,-0.08192830116540015,0.3124184735189093,-1.8971929571755077,0.5165439492724829,-0.4181166927776885,-0.6140338869222605
MU,2017-09-26,-1.2083521423715518,0.9930867348484863,5.437989333522136,0.28636698238038316,-1.3804293635370388,0.3498817298803751,-1.7404346104418495,-0.06560302600373552,0.4603637891276345,-1.5504873824506937,-2.1556894956381423,0.3987336678874932,-1.046532140226251,-0.3584461889614396,0.5101086970089196,0.5347960421629302,0.2315594031846316,-0.7022655150608035,1.70130513351343,-1.1052652852487113,-1.2673170442555914,1.2945810389477455,-0.8098619732695952,-1.1139126659507927,-0.022879468071036378,-0.4968897748029629,-0.3258456824625758,0.20130641228205456,-0.8687770194774781,-1.1868887655382307,1.232483269957881,-1.0093644241171889,-0.7369808412279258,0.11806921491405327,0.05045078656738106,-0.802286215365422,-1.4216987928730216
NVDA,2017-05-09,-6.0599131077405355,1.6880976327068988,0.3724419773563495,-4.316334450481953,2.866888544865388,0.15378739422975085,1.496374106222461,-1.8190776675378748,0.5744744374513194,0.6875983380816633,2.5112978234219785,-1.506955579502715,-1.262598513635784,-1.0750500503401936,0.7355479727143809,0.44202452396925146,-0.6157353768214556,0.24242181052112283,0.6304475105700749,-0.14342339854059138,-0.9860618590069302,1.4094565025514691,0.8664620597903316,0.8561498512152864,-1.2275987832353388,-0.28227814675475027,0.1475010213455963,0.1376563590899631,-0.5697416912725539,0.32824977392423876,-0.10521647430162616,-0.9135277003012238,0.07807774484676834,0.09773570122729765,-0.5476543988410391,1.5979768925951354,-0.601595748625442
INTC,2017-10-26,1.0911902533805933,6.197976139748146,0.8858076689097897,1.7899818144893185,-1.8202999191651343,-0.8624533294402862,0.7355328608770205,2.2768866237501952,0.22388880497208252,-3.0143543333860574,-0.4201922082784226,2.316834208572006,1.1576186177232595,-0.1370752453387284,-1.4251594963742267,0.6995028493319893,1.2211093533081299,1.9792265646108858,-1.746919917401153,2.0000359910954946,0.20475968490539317,-1.4149278247018986,-1.4488426627499353,-0.3030505197439851,-1.2573352089866463,-0.137844500196331,0.09460180082095553,1.4321998259504005,2.1914391870707908,-0.24578019557739333,1.4279084038992014,-0.3195624908828466,0.19080641903436893,-0.3823173256539185,0.0634658747262915,0.8952676167835237,-0.20424425085030226
INTC,2017-07-27,-0.9225031138601262,3.5540176793451,-1.7187830280083622,0.9007995296491477,1.1264969434621146,-2.6249126809349006,1.3750928173648609,0.44456373981905456,-1.1593803381567216,-1.8913081901719573,2.0030876467065735,1.4804306505500722,-0.49441989087345667,1.4997983780443083,0.6292979324344673,2.0710246860061643,0.6011837737366562,-0.5703111904378653,-0.4927563784204197,0.6457694102463475,-0.9904306015216269,-0.36710804363756255,-0.04074848464618772,1.23104107433064,-0.9061327362391263,0.4490029631570812,0.9247791013289521,-0.37741244562853127,0.3788622362175204,-0.5597745185307399,-1.136743842510171,-0.2769774994920097,-0.8373183110877247,-0.7649131792387717,0.8130414504993863,-1.0962938322056286,-0.2474744047443496
ASML,2017-01-18,13.098612482640082,4.276528810336179,-4.066264947885061,-4.399498750274773,-4.743688588524134,0.49512706648955823,-1.5874103571904845,-0.9007973160937951,3.8157690349054345,-3.334288177365347,-0.13999706573487725,-0.8021798688628395,1.4134703277524894,-0.38619387661884025,1.2588627221202684,-0.9524608653299126,0.6001218052909824,2.011172339244934,1.2351597181011338,-2.0088120572571335,-0.9117578464154996,-1.7048403668628183,-0.44560596151473475,1.2004701872245118,-0.06408881011689362,-1.2352028655945952,0.7863022264108994,0.07385160276309084,-0.645481675092121,0.6620975689947685,-0.9469612751058298,-0.479360519685545,-0.16900386222619768,-0.3624536884319726,-0.9188738392633681,-0.1027216791056223,-0.6963345214754372
GOOGL,2017-07-24,2.188245520452432,5.4397341673724435,-0.6343108717666294,0.8293520327150966,3.591592665858346,-2.7043302829488978,-2.9557256329539943,-2.2069133996177794,1.227617041881481,-0.45273723881334543,-0.6307118979931308,-0.03416586129529467,-1.2069985403843637,0.0820783847851601,-0.12356303626711904,1.5597485293373787,0.5598965333105379,0.9604585249893878,-0.04798674472310771,-0.3375106304826605,-0.5975116276789184,0.25926469027198357,-0.38148514096765035,0.2602520710606314,-0.02990609265608832,1.0015279570717968,-0.06978624638697588,0.12351418677478668,-1.4916485585211494,-0.6079318106233096,-0.5763290447518986,0.10612565644697194,-0.1678562816204611,0.15356075795401572,-0.02685794199022702,0.5995966541103929,-1.1080490829981653
NVDA,2018-08-16,-4.507403947096802,3.5498970073996645,0.7583142273675735,-4.395303554936077,5.665133437807313,4.263293238087425,2.530121654424544,-0.721726666707366,1.1790275384058484,-2.512018855181109,2.3039655269425565,-0.28369656249373654,1.9959027897362709,-0.6721811394165674,-1.2010121518891312,0.21053420703426076,-1.3876016645447817,-1.0766101666760022,0.7570409565560569,-0.6419338231620071,0.32583754542241417,-1.5580985361337496,0.5108717978650551,1.0009465209614832,0.4523620776808824,-0.34162571364359007,-0.009059800372190958,0.4484993096945591,-1.1250571752773701,0.14046913354849178,-0.3148491451081457,0.18740742117490147,0.6737942102245605,-1.6726074488618994,-0.16020144311849455,0.29281736575355954,-0.060653290814630445
AMD,2016-04-21,-8.343852491169347,-3.6167427025860435,3.0025988631204137,0.06710055226446343,-5.569478525978483,-0.6906432258985432,-0.04420073153028726,-1.6554673479797632,2.647207759267859,1.0229649039095028,1.6675424774419312,-0.8774587115185454,-2.7487564031910163,-1.622262563975894,-0.640237049645672,0.23290424538028967,-0.9930551881586545,0.6032712773565974,-0.506531070111871,0.6718679053862764,0.8358159051022845,-0.7519998142544828,0.22042371924669518,0.6013139983452039,1.773523027123715,0.5296119514475965,-0.285353212091571,0.5197447824830664,2.134066605759246,0.5632095252995675,-0.2883792356394212,-0.5776238215515972,-2.861968277145203,1.2308128506122518,1.4459401829835254,-1.2056666861219787,-0.47558995902208945
AMZN,2019-07-25,4.52893572417306,-3.274657146331388,4.055156586074775,-1.582577858384246,3.364284516501093,-0.8386900114518152,1.5497859156736886,3.451871499780721,-0.4927515172597446,1.6138157985438217,-0.7053063541523721,-0.19141158941101816,-0.3805567140104485,-0.7043157765526392,-0.33039483019731,0.7151288756999532,-0.7080792129149491,0.9918647961498821,0.43355099931077595,0.24696738984261818,0.23744611224859188,1.1071463153896834,0.2920424760822222,-0.31232216074285774,0.806608182071065,-1.0120806852777235,-0.5638723301670638,-1.866455258435101,0.6892175297912386,-0.6798358575292409,0.20637285446322506,-0.8647520740036939,0.31367117536089767,0.048962345667722014,-0.1938655499559189,-0.7023761224650777,0.018422501539436857
NVDA,2018-02-08,-8.380832012329606,-3.77099600630436,4.674956978011477,-6.234654824560328,0.42695145398354833,7.421007695812393,-2.6834851472393098,1.562713758238054,2.4412710656572174,-2.0301849950991246,0.8954578611392384,0.4818916636006778,2.5980279477582475,-2.0206566679682183,0.8831758589132446,0.5954156092060577,-0.7543942769999455,-2.49028023553375,-1.4159966024085442,-0.49006887309059755,-0.9632975027802649,-0.23222330507612265,3.3083332184090932,-0.9371834522762423,0.3351835435811233,0.35203172424328816,-1.3190899284884907,0.508283174713574,0.1835433265887673,0.5354580663840396,-1.1715658553910078,0.766835800257227,0.7277466133242523,1.1854793732447664,-1.179740323106602,-0.5000907901725615,-0.8339947900634292
AMD,2018-07-25,-4.488237301800604,0.01320227318192636,3.2194767427675646,-0.3733655952022735,0.4840054641313992,-0.19062142284266947,-0.292253452828448,-2.7698838209325682,3.263791584122624,0.9028360730872862,-2.734797790259229,0.08025254233564688,-4.397415591915372,-0.3199522855636658,-1.77786718918461,-1.3269112596115762,-0.19713866196450786,1.040595334531363,0.0505775526699703,2.2453421804206393,-0.22753390509519222,-1.158097469348547,-0.6186475977441958,0.17426485564661426,0.9859742746042535,-0.24230785688258427,0.16679638069045055,-0.6138108897924106,0.06735791913444271,2.07426558347619,-0.5840840064886043,0.845426841318544,2.0435050203862803,0.16053495716258517,0.25732394695364463,-0.19527350292642368,-0.34922892335516037
GOOGL,2017-10-26,-0.6985776267243309,-0.6322998631649892,2.9306229833830004,-0.020564545746736575,2.7148810276558475,-3.8208565971027246,-1.487831741960337,-0.6388382110098445,1.9788991965017362,-0.896453319895473,-3.569969607423027,1.033066942670498,-2.2709232480109103,-2.44495627219425,-1.2776209559120217,-1.2971849402357434,-0.3766233225727074,-1.0849053111192353,-1.1981641496235038,0.6331325884266022,1.6712005958073177,0.3182997376930368,-1.0978051958155826,0.24194905129322913,1.0298230827363748,0.04972081934736063,-0.16716467483872346,-0.479410464113353,-0.0655119031966875,0.6315730578343147,0.11405399028502183,0.24317108514949917,0.7341873736073645,-0.059656650822022386,1.0475532442312254,0.4045627564031205,0.3787858742224361
MU,2018-12-18,-6.423603373614875,-8.619575286000934,-2.9103267693039734,4.018824896286885,0.3461511214150454,2.045654090620259,2.429032401094389,0.10087665566280289,0.9536871034677117,-1.4974175790144595,-1.895078464917679,-0.08370194801191815,0.5024297905949027,-0.4690962655231053,-0.8706365797278363,1.3323643420224542,2.054176501282875,1.0316182532627904,0.7450184158335803,-1.371603507447002,-0.38564203619076826,1.3015889174374855,-0.46095157566243183,1.2616915346148256,-1.127156089465498,-1.8699345491208035,-1.2096899304305668,0.8177558812275181,0.5239320555718254,0.6100312368573926,0.24117707938516833,-0.3455920613596415,-0.5349523869959588,-0.5529898612673386,0.8548666234232442,0.9574299339588718,0.24746138734465584
CSCO,2017-02-15,0.5159086925396823,7.5571543325452595,-1.3609935675022211,0.8534958672542388,-1.9559144629417102,-1.1252908877120693,-1.3634125743930883,-1.6752436448980959,0.7838625618402224,-0.250162388134696,0.229841252630759,1.321062102470662,2.5525712538496057,0.09016939113433381,-0.23904881435159972,0.06400245345374661,-0.4683461674902944,0.6032052054417354,0.3133565482685732,0.06871722958448868,0.4334454976967414,-1.1059192681310792,0.2706034743906884,0.053334741974646716,0.1508312221585267,0.22404352675336592,-0.8546733765442635,-0.6188688682451653,1.3252427156189812,0.39432356123643697,0.7023474405276511,-0.8858066200664557,0.761633188748129,0.324834130870109,-0.9657517043973894,-0.34617567899696644,0.27082020935069634
GOOGL,2018-04-23,0.7541108564178822,1.8575903200625268,-1.750038383931733,1.8179633014333638,5.17634039221234,-1.1005676990041922,-3.025142850537355,-2.926002640767053,1.3735374838724812,1.3922390627072523,-2.510681902566161,1.1445289430493153,-3.633190788686721,0.1512152546158157,-0.2323568415497887,0.08391291437941079,-1.1233649882732037,-0.48305947810117483,0.2889423704972835,-0.08574430395307339,0.8662273880764253,0.48837421588399,0.8038627078503098,-0.49629755257847363,-0.8378404082636038,-0.29036741947004735,0.47236730820787315,0.48440807154763366,0.05447150280361748,1.2617892609050043,-1.5127909256253145,0.11846558205055101,0.5943657241137086,-0.4148659955459191,0.4373035669952635,0.15483638913648143,0.07604158461449483
ASML,2016-07-20,9.204122944163057,3.289146874197438,-3.2637804160625654,-1.1462817399564724,-2.3460219886435087,1.7681806780367666,-1.3680358749274382,-3.3189215453885095,-1.5542865726510255,-0.12652783584943902,0.7439145826784042,0.5276205143400983,0.38474059230086904,-3.076320411495141,0.6117852532578917,-1.5713954296279273,0.855515312611066,0.914239005789228,1.434568346254811,-1.2269258523927138,-0.10252516100644056,-0.1920931391542854,0.1667283244957487,-1.6487589070652007,0.738692065541753,0.5113715849048666,-1.3254466335676824,1.0539463340866075,1.8543231677397545,-1.3608327426686466,1.1773652067033524,-0.4336844787194302,0.9552863752091671,-0.01232935047658202,0.20674775153826888,0.1246408156538279,0.5453925712020008
ASML,2018-04-18,15.248090169735518,-8.544396837737247,-0.41773791556749307,1.4168765291526035,1.0257705385722984,1.7541322007134155,-1.6403508449820625,-2.2964710235569803,-4.443966701744995,3.8100257072200554,3.3931907088625235,0.9465380337910703,-1.0167671503772229,0.1577480983129863,-1.8934343419400281,1.225667353374423,-1.4518273909137223,-0.7283556772268189,-0.5368491955186404,-0.15864670159616,0.3481079523543142,-0.16598661477650092,0.42612637764695144,-0.4205523389330991,-0.5957873406834646,-0.3092368572041218,-1.326481735977014,-0.16247407104772035,0.8503699738157185,0.46684817963942227,-1.5646123948051567,-0.1707553761957454,-0.3155941989456412,0.4669038457249281,0.9450755463944327,0.6194941532811027,-1.0968435460372286
AAPL,2016-07-26,-3.956347830233468,-1.0223901968756373,1.9406478775622775,-2.5954896104418568,-0.8609063092526497,-3.6730627438924413,1.812184666371489,-3.500103637690012,-1.762817585956723,0.698355187834881,-0.766289116149997,0.8543822516949925,0.04026431961600744,-0.08194326191707152,2.050364353583114,0.7530410474514505,-0.20945578373196205,-0.6912729959528223,0.08077144279778312,-0.7325598119803846,0.7760810076465098,0.6098315525764756,-2.1262212483397964,-0.27030948196495225,2.1068091990592643,0.2888054217899209,-1.067777940634894,1.184903755803551,-0.7658640506115083,0.1658517639650082,-0.06197833267860863,0.018310962419626004,-0.06665241077897226,0.1333206744976163,-0.7920327966400392,0.3979586199742621,-0.3681541950628413
AMZN,2017-10-26,-1.9148546973512093,-3.366185043162418,2.3433644563461726,-2.6515078313715024,2.3533280098073095,-3.085181619936489,0.40652697068860977,2.0748351590853287,-0.8373895245134,-0.8634790630534471,-0.2849847308869792,-1.5674496862778062,-1.518835474001143,-1.382918177085385,1.8731417682697784,0.8482206727390628,1.3012474648827717,0.583475226052025,0.8753492905617408,-1.19271207392304,0.42075773163089647,-0.8846874540383879,-0.6470604120520442,0.18609467283873873,1.8780206508206012,-1.0785040657443674,-0.5735826088413291,0.2670414717884248,0.22003761194952923,-0.2963715781593981,0.8568898902497818,0.3387979874512763,-0.8725668475945283,0.09181119948352653,-0.28091738669771504,-0.5948509454141799,-0.8071072421922187
NVDA,2016-05-12,-6.944160196098554,-0.3965551854498386,-0.07324736249485056,-3.2940390247718376,0.46485044134334746,-1.5319906172716353,-0.8269915321577251,-0.3026825154921682,0.2548348167493827,-0.5754717316573819,1.4540721487447485,0.23483141880870906,-1.440558118976322,-0.89525923193437,-0.425730941914924,-1.8894406639382366,-1.2110438633862899,1.0556369588960655,0.4984794977718989,-1.1839677331116008,1.1968193593552297,1.8308152410326939,0.6565666732830246,-1.039132126523658,0.20687525456196051,-1.4058099535277957,1.1374668649414377,0.06899948437816854,-0.2445166130847909,0.2892689987174279,0.3719669306010647,0.030231115161455612,0.07204840475830411,0.12513886416585332,0.4620024322721408,-0.583143032085432,-0.18150520054569386
AMD,2017-05-01,-4.258726856048784,2.285182136596648,-4.274430711830637,1.2186214908626307,-0.42292317058037254,0.8118457302877541,1.7473966486250108,-3.893847334793032,-0.4048254133031035,3.341941819699407,1.7145717634729467,-0.9131065201185947,-1.4346486182614213,1.5114219213099067,0.4470318228412293,-1.732548457597725,0.4770724084006788,1.528842061325835,1.918798608934246,2.3036123849764683,-1.231545069999552,-0.6032050402313086,0.8788778552496148,1.702063723253381,-0.6402423468258939,-0.6203605250373724,-0.886921531903683,0.2711134172943385,-0.5299176066437324,-1.667568905071162,1.1632331810021608,1.9560132758736224,-0.19292809092553243,0.08941573875115899,-0.8670001350777896,-1.7816143905913406,0.9400650388671952
GOOGL,2018-07-23,2.7017681470001276,2.9603812680927173,0.7711889062922178,0.5665261604486865,3.38131227424902,-1.2431345104550369,-2.1454271919998593,-0.5386034175616791,0.47204069857277303,-0.25523096724803246,-2.5381521525229895,0.7559726316080682,-2.2298899962345966,-0.09871455202166779,-1.0106734489054654,0.5166298401274365,-0.2544671214728338,-0.9891984030596974,-0.26858554070296775,-0.6125656236186836,-0.7601080792629724,0.5836575561701141,0.7975833935847481,-0.8717188792404522,-0.3761670978404909,-0.11755550237714374,-0.07455730725214649,0.3561743693821774,-1.00479875574591,-0.9103204599066953,-0.5574267599990834,-0.19289437298670836,0.0379681295010292,-1.1624555653523512,-0.6349900539328849,-0.33355527298678794,0.5457283471234678
AAPL,2019-07-30,1.193961667963467,2.0907472397828775,2.204587104579993,-0.5510424400281192,1.9397002043517728,-1.6062889889482943,1.987005924605673,-1.791718529397855,-1.2730293347242945,1.3942889266591922,-1.485544231513186,-0.2079086389093125,1.7296557813127604,-0.07490458828266983,-0.19268245109009863,1.4570419859711028,-0.7217935265132115,-0.5118215467948857,-0.9590071028474558,0.7171393802467512,-2.027323846482387,-0.19553455946661416,0.1847550997863479,-0.25322759594111865,0.2566336040548859,1.3148274856478783,0.731463264129753,-0.2476314356384083,0.5608877712817049,-0.14005599684070796,-1.0447690079467338,-1.3031549508134186,-0.284197747992633,-0.5092506966901535,-0.10959807075284249,0.1870752218082897,-0.1461211378311549
AMZN,2016-10-27,-2.206229316670348,-2.8980773657496024,1.3478298090756717,-4.328379098851576,0.15725776298018185,-3.131482643226921,0.006348215350726771,1.3661355601797656,-2.123847472759613,-1.132643519218989,0.29616135122458637,-1.0964910528326357,-0.6479125465633304,-1.5647738506741842,0.10932503946582343,-1.1862971990005877,1.11192043725071,0.7912126702273006,0.6434413464095131,-1.3639760986855824,0.9429765991500372,-0.9199924784389493,0.8093924406900833,0.1897216825376775,0.8368884251984465,-0.14649928490242145,0.8932999898206293,-0.7753419116318443,0.18539919698303842,-0.03455469741468709,-0.4589773593242248,-0.14661797250103156,-0.3921153207914126,-0.673118467262271,-0.2641099500402216,-0.15868966662261638,0.654133224325863
